Batch,Department,Semester,Course Number,Course Name,L,T,E,P,O,Credits,Category
2024,AE,1,MA1101,"Functions of Several Variables",3,1,0,0,6,10,S
2024,AE,1,PH1010,"Physics I",3,1,0,0,6,10,S
2024,AE,1,AM1100,"Engineering Mechanics",3,1,0,0,6,10,E
2024,AE,1,CS1100,"Introduction to Programming",3,0,0,3,6,12,C
2024,AE,1,WS1301,"Workshop-I",0,0,0,3,0,3,E
2024,AE,1,GN1101,"Life Skills 1",0,0,0,0,4,4,G
2024,AE,1,ID1300,"Recreation Course",0,0,0,0,2,2,G
2024,AE,2,MA2102,"Differential Equations",3,0,0,0,6,9,S
2024,AE,2,PH1020,"Physics II",3,1,0,0,6,10,S
2024,AE,2,PH1030,"Physics Laboratory I",0,0,0,3,1,4,S
2024,AE,2,AS1300,"Thermodynamics for Aerospace Engineering",3,1,0,0,5,9,E
2024,AE,2,AS1020,"Fluid Mechanics",3,1,0,0,5,9,P
2024,AE,2,AS2101,"Introduction to Aerospace Engineering",1,0,0,2,2,5,P
2024,AE,2,WS1302,"Workshop-II",0,0,0,3,0,3,E
2024,AE,2,GN1102,"Life Skills 2",0,0,0,0,2,2,G
2024,AE,2,ID1300,"Recreation Course",0,0,0,0,2,2,G
2024,AE,2,NCC,"(NC1010)/NSO (NS1020)/ NSS (NS1030)",0,0,0,0,2,2,G
2024,AE,3,MA2104,"Complex Analysis",3,0,0,0,6,9,S
2024,AE,3,EE1100/EE1101,"Basic Electrical Engineering/ Signals and Systems",3,1,0,0,6,10,E
2024,AE,3,AS2050,"Aerodynamics",3,1,0,0,5,9,P
2024,AE,3,AS2030,"Gas Dynamics",3,1,0,0,5,9,P
2024,AE,3,AS2010,"Basic Strength of Materials",3,1,0,0,5,9,P
2024,AE,3,AS2510,"Low Speed Lab",1,0,0,2,2,5,P
2024,AE,3,AS2100,"Basic Aerospace Engineering Lab",1,0,0,2,2,5,P
2024,AE,4,MA2101,"Linear Algebra via Matrices",3,0,0,0,6,9,S
2024,AE,4,AS2040,"Flight Dynamics I",3,1,0,0,5,9,P
2024,AE,4,AS2070,"Aerospace Structural Mechanics",3,1,0,0,5,9,P
2024,AE,4,AS2080,"Vibrations",3,1,0,0,5,9,P
2024,AE,4,AS3270,"Propulsion I",3,1,0,0,5,9,P
2024,AE,4,AS3510,"Aero Lab I",1,0,0,2,1,4,P
2024,AE,4,ME1480,"Engineering Drawing",1,0,0,3,3,7,E
2024,AE,4,HS3050,"Professional Ethics",2,0,0,0,0,2,G
2024,AE,5,CY,"Chemistry",3,1,0,0,6,10,S
2024,AE,5,AS3050,"Flight Dynamics II",3,1,0,0,5,9,P
2024,AE,5,AS3271,"Propulsion II",3,1,0,0,5,9,P
2024,AE,5,AS3020,"Aerospace Structures",3,1,0,0,5,9,P
2024,AE,5,AS3520,"Aero Lab II",1,0,0,2,1,4,P
2024,AE,5,AS2520,"Propulsion Lab",0,0,0,2,0,2,P
2024,AE,5,MS,"Entrepreneurship",3,0,0,0,6,9,M
2024,AE,5,ID1200,"Ecology and Environment",2,0,0,0,0,2,G
2024,AE,5,GN1002,"POSH Training-II",3,0,0,0,0,0,S
2024,AE,6,HSE1,"Humanities Elective 1",3,0,0,0,6,9,H
2024,AE,6,UA,"Unallotted Credits",0,0,0,0,0,18,UA
2024,AE,6,ASXXXX,"Design Elective*",2,1,2,3,4,12,P
2024,AE,6,ASXXXX,"Department Elective 1**",3,0,0,0,6,9,P
2024,AE,7,HSE2,"Humanities Elective 2",3,0,0,0,6,9,H
2024,AE,7,UA,"Unallotted Credits",0,0,0,0,0,18,UA
2024,AE,7,ASXXXX,"Department Elective 2**",3,0,0,0,6,9,P
2024,AE,7,ASXXXX,"Department Elective 3**",3,0,0,0,6,9,P
2024,AE,8,HSE3,"Humanities Elective 3",3,0,0,0,6,9,H
2024,AE,8,UA,"Unallotted Credits",0,0,0,0,0,18,UA
2024,AE,8,ASXXXX,"Department Elective 4**",3,0,0,0,6,9,P
2024,BE,1,BT1000,"Introduction to Biological Sciences & Engineering",3,0,0,0,6,9,P
2024,BE,1,CY1001,"Chemistry I: Structure, Bonding & Reactivity",3,1,0,0,6,10,S
2024,BE,1,MA1101,"Functions of Several Variables",3,1,0,0,6,10,S
2024,BE,1,PH1010,"Physics I",3,1,0,0,6,10,S
2024,BE,1,PH1030,"Physics Laboratory I",0,0,0,3,1,4,S
2024,BE,1,WS1301,"Workshop-I",0,0,0,3,0,3,E
2024,BE,1,GN1101,"Life Skills 1",2,0,0,0,2,4,G
2024,BE,1,ID1300,"Recreation Course",0,0,0,0,2,2,G
2024,BE,1,ID1200,"Ecology and Environment",2,0,0,0,0,2,G
2024,BE,1,NCC,"(NC1010)/NSO (NS1020)/NSS (NS1030)",0,0,0,0,2,2,G
2024,BE,2,MAE,"1 Mathematics Elective (from MA basket)",3,0,0,0,6,9,S
2024,BE,2,PHE,"Physics Elective (from PH basket)",3,0,0,0,6,9,S
2024,BE,2,CY1051,"Chemistry II: Introduction to Spectroscopic Methods",3,0,0,0,6,9,S
2024,BE,2,BT1020,"Material and Energy Balances",2,1,0,0,6,9,P
2024,BE,2,CY1002,"Chemistry Lab I",0,0,0,3,0,3,S
2024,BE,2,ME1480,"Engineering Drawing",0,1,0,3,3,7,EEC
2024,BE,2,WS1302,"Workshop-II",0,0,0,3,0,3,E
2024,BE,2,GN1102,"Life Skills 2",2,0,0,0,0,2,G
2024,BE,2,ID1300,"Recreation Course",0,0,0,0,2,2,G
2024,BE,2,NCC,"(NC1010)/NSO (NS1020)/ NSS (NS1030)",0,0,0,0,2,2,G
2024,BE,3,MAE,"2 Mathematics Elective (from MA basket)",3,0,0,0,6,9,S
2024,BE,3,HSE,"1 Humanities Elective 1",3,0,0,0,6,9,H
2024,BE,3,AM1101,"Engineering Mechanics",3,1,0,0,6,10,E
2024,BE,3,BT2011,"Microbiology and Biochemistry",3,0,0,0,6,9,P
2024,BE,3,BT2020,"Numerical methods for biology",2,1,0,0,6,9,P
2024,BE,3,MS,"Entrepreneurship",3,0,0,0,6,9,M
2024,BE,4,HSE,"2 Humanities Elective 2",3,0,0,0,6,9,H
2024,BE,4,BT2041,"Principles of Bioprocess Engineering",3,0,0,0,6,9,P
2024,BE,4,BT3011,"Molecular Biology and Genetic Engineering",3,0,0,0,6,9,P
2024,BE,4,BT2080,"Programming for Biology",2,0,0,3,6,11,C
2024,BE,4,EE1101,"Signals and Systems",3,1,0,0,6,10,E
2024,BE,4,BT3111,"Biological Engineering Laboratory 1",0,0,0,6,2,8,P
2024,BE,5,BT5031,"Thermodynamics in Biochemical Engineering",3,1,0,0,6,10,P
2024,BE,5,BT5061,"Cellular Engineering",3,0,0,0,6,9,P
2024,BE,5,BT5051,"Transport Phenomena in Biological Systems",3,1,0,0,6,10,P
2024,BE,5,BT3040,"Bioinformatics",2,0,0,3,6,11,P
2024,BE,5,BT3041,"Analysis and Interpretation of Biological Data",2,1,0,0,6,9,P
2024,BE,5,BT3121,"Biological Engineering Laboratory 2",0,0,0,6,2,8,P
2024,BE,5,GN1002,"POSH Training-II",3,0,0,0,0,0,S
2024,BE,6,PE1,"Professional Elective 1",3,0,0,0,6,9,P
2024,BE,6,PE2,"Professional Elective 2",3,0,0,0,6,9,P
2024,BE,6,UA,"Unallocated credits",0,0,0,0,0,18,UA
2024,BE,7,HSE,"3 Humanities Elective 3",3,0,0,0,6,9,H
2024,BE,7,BT5011,"Biomaterials Engineering",3,0,0,0,6,9,P
2024,BE,7,BT4111,"Cell, Tissue, and Biomaterials Engineering Lab",0,0,0,6,2,8,P
2024,BE,7,PE3,"Professional Elective 3",3,0,0,0,6,9,P
2024,BE,7,PE4,"Professional Elective 4",3,0,0,0,6,9,P
2024,BE,8,HS3050,"Professional Ethics",2,0,0,0,0,2,G
2024,BE,8,UA,"Unallocated credits",0,0,0,0,0,39,UA
2024,CH,1,MA1101,"Functions of Several Variables",3,1,0,0,6,10,S
2024,CH,1,CH1100,"Fundamentals of Thermodynamics",3,1,0,0,6,10,E
2024,CH,1,AM1100,"Engineering Mechanics",3,1,0,0,6,10,E
2024,CH,1,BT1010,"Life Sciences",3,0,0,0,6,9,S
2024,CH,1,PH1030,"Physics Laboratory I",0,0,0,3,1,4,S
2024,CH,1,WS1301,"Workshop-I",0,0,0,3,0,3,E
2024,CH,1,GN1101,"Life Skills 1",0,0,0,0,4,4,G
2024,CH,1,ID1300,"Recreation Course",0,0,0,2,0,2,G
2024,CH,1,NCC,"(NC1010)/NSO (NS1020)/NSO (NS1030)",0,0,0,0,2,2,G
2024,CH,2,MA2XXX,"Mathematics (Elective Basket)",3,0,0,0,6,9,S
2024,CH,2,PH1010,"Physics I",3,1,0,0,6,10,S
2024,CH,2,CY1001,"Chemistry I: Structure, Bonding & Reactivity",3,1,0,0,6,10,S
2024,CH,2,CH1020,"Principles & Calculations in Chemical Engineering",3,1,0,0,6,10,P
2024,CH,2,ID1200,"Ecology and Environment",2,0,0,0,0,2,G
2024,CH,2,CY1002,"Chemistry Lab I",0,0,0,3,0,3,S
2024,CH,2,WS1302,"Workshop-II",0,0,0,3,0,3,E
2024,CH,2,GN1102,"Life Skills 2",0,0,0,0,2,2,G
2024,CH,2,ID1300,"Recreation Course",0,0,0,2,0,2,G
2024,CH,2,NCC,"(NC1010)/NSO (NS1020)/NSO (NS1030)",0,0,0,0,2,2,G
2024,CH,3,CH2061,"Computational Techniques",3,1,0,0,6,10,C
2024,CH,3,EE1100,"Basic Electrical Engineering",3,1,0,0,6,10,E
2024,CH,3,CH2010,"Chemical Engineering Thermodynamics",3,1,0,0,6,10,P
2024,CH,3,CH2012,"Continuum Mechanics & Transport Phenomena",3,1,0,0,6,10,P
2024,CH,3,CH2013,"Computational Programming & Process Simulation Lab",1,0,0,2,2,5,C
2024,CH,3,MXXXX,"Management Elective",3,0,0,0,6,9,M
2024,CH,4,CH2014,"Fundamentals of Heat & Mass Transfer",3,1,0,0,6,10,P
2024,CH,4,CH2015,"Fluid and Particle Mechanics",3,1,0,0,6,10,P
2024,CH,4,CH2016,"Thermodynamics Lab",0,0,0,3,2,5,P
2024,CH,4,CY2010,"Kinetics and Catalysis",3,0,0,0,6,9,S
2024,CH,4,PE1,"Professional Elective 1",3,0,0,0,6,9,P
2024,CH,4,HSE/ME,"Humanities Elective/Management Elective",3,0,0,0,6,9,H/M
2024,CH,4,FE1,"Free Elective 1",3,0,0,0,6,9,UA
2024,CH,5,CH3010,"Chemical Reaction Engineering",3,1,0,0,6,10,P
2024,CH,5,CH3030,"Applications of Mass Transfer",3,1,0,0,6,10,P
2024,CH,5,CH3510,"Mom Transfer & MO Lab",0,0,0,3,2,5,P
2024,CH,5,CH3052,"Material Science for Chemical Engineers",3,0,0,0,6,9,P
2024,CH,5,PE2,"Professional Elective 2",3,0,0,0,6,9,P
2024,CH,5,PE3,"Professional Elective 3",3,0,0,0,6,9,P
2024,CH,5,GN1002,"POSH Training-II",3,0,0,0,0,0,S
2024,CH,6,CH3521*,"Heat and Mass Transfer Lab 2",1,0,0,3,2,6,P
2024,CH,6,HSE/ME,"Humanities Elective/Management Elective",3,0,0,0,6,9,H/M
2024,CH,6,FE2,"Free Elective 2",3,0,0,0,6,9,UA
2024,CH,6,FE3,"Free Elective 3",3,0,0,0,6,9,UA
2024,CH,6,FE4,"Free Elective 4",3,0,0,0,6,9,UA
2024,CH,6,FE5,"Free Elective 5",3,0,0,0,6,9,UA
2024,CH,7,CH3050,"Process Dynamics and Control",3,1,0,0,6,10,P
2024,CH,7,CH4010,"Process & Product Design",3,1,0,0,6,10,P
2024,CH,7,CH4030,"Process Control Lab",0,0,0,3,2,5,P
2024,CH,7,HSE/ME,"Humanities Elective/Management Elective",3,0,0,0,6,9,H/M
2024,CH,7,FE6,"Free Elective 6",3,0,0,0,6,9,P
2024,CH,8,CH4250,"Process Engineering",3,1,0,0,6,10,P
2024,CH,8,HS3050,"Professional Ethics",2,0,0,0,0,2,H
2024,CH,8,PE4,"Professional Elective 4",3,0,0,0,6,9,P
2024,CH,8,PE5,"Professional Elective 5",3,0,0,0,6,9,P
2024,CH,8,PE6,"Professional Elective 6",3,0,0,0,6,9,P
2024,CE,1,CE1010,"Introduction to Civil Engineering",2,1,1,0,4,8,P
2024,CE,1,CY1001,"Chemistry I: Structure, Bonding & Reactivity",3,1,0,0,6,10,S
2024,CE,1,CY1002,"Chemistry Lab I",0,0,0,3,0,3,S
2024,CE,1,CV1050,"Vector Calculus and Numerical Methods",3,1,2,0,6,12,S
2024,CE,1,CV1030,"Building Drawing and Visualization",1,0,0,3,2,6,E
2024,CE,1,WS1301,"Workshop-I",0,0,0,3,0,3,E
2024,CE,1,GN1101,"Life Skills 1",0,0,0,0,4,4,G
2024,CE,1,ID1300,"Recreation Course",0,0,0,0,2,2,G
2024,CE,1,ID1200,"Ecology and Environment",2,0,0,0,0,2,S
2024,CE,1,NCC,"(NC1010)/NSO (NS1020)/NSO (NS1030)",0,0,0,0,2,2,G
2024,CE,2,MA1101,"Functions of Several Variables",3,1,0,0,6,10,S
2024,CE,2,PH1010,"Physics I",3,1,0,0,6,10,S
2024,CE,2,PH1030,"Physics Laboratory I",0,0,0,3,1,4,S
2024,CE,2,CV1020,"Solid and Fluid Mechanics",3,1,2,0,6,12,E
2024,CE,2,HSE,"1 Humanities Elective 1",3,0,0,0,6,9,H
2024,CE,2,WS1302,"Workshop-II",0,0,0,3,0,3,E
2024,CE,2,GN1102,"Life Skills 2",0,0,0,0,2,2,G
2024,CE,2,ID1300,"Recreation Course",0,0,0,0,2,2,G
2024,CE,2,NCC,"(NC1010)/NSO (NS1020)/NSO (NS1030)",0,0,0,0,2,2,G
2024,CE,3,CV2050,"Environmental Engineering",3,1,0,2,6,12,P
2024,CE,3,CV2070,"Hydraulics and Water Resources Engineering",3,1,0,2,6,12,P
2024,CE,3,CV2010,"Structural Mechanics and Analysis",3,1,0,2,6,12,P
2024,CE,3,CV2090,"Probability & Statistics for CE",3,1,0,2,6,12,S
2024,CE,3,MA2103,"Probability, Stochastic Processes & Statistics",3,0,0,0,6,9,S
2024,CE,3,CV2030,"Measurement and Sensing",3,1,0,2,6,12,E
2024,CE,4,CV2020,"Construction Engineering",3,1,0,2,6,12,P
2024,CE,4,CV2040,"Geotechnical Engineering",3,1,0,2,6,12,P
2024,CE,4,CV2060,"Transportation Engineering",3,1,0,2,6,12,P
2024,CE,4,CV2080,"Structural Engineering",3,1,0,2,6,12,P
2024,CE,4,MSXXXX,"Entrepreneurship",3,1,0,0,6,9,M
2024,CE,5,CV3010,"Scientific Computing in Civil Engineering",3,1,0,2,6,12,C
2024,CE,5,CEXXXX,"Design of CE Systems*",3,1,0,2,6,12,P
2024,CE,5,CEXXXX,"CE Laboratory & Practice",1,0,0,3,2,6,P
2024,CE,5,Science,"Elective (MA, PH, CY, BT)",3,0,0,0,6,9,S
2024,CE,5,PE1,"Professional Elective I",3,0,0,0,6,9,P
2024,CE,5,FE1,"Free Elective I",3,0,0,0,6,9,E
2024,CE,5,GN1002,"POSH Training-II",3,0,0,0,0,0,S
2024,CE,6,HSE,"2 Humanities Elective 2",3,0,0,0,6,9,H
2024,CE,6,PE2,"Professional Elective 2",3,0,0,0,6,9,P
2024,CE,6,PE3,"Professional Elective 3",3,0,0,0,6,9,P
2024,CE,6,FE2,"Free Elective 2",3,0,0,0,6,9,E
2024,CE,6,FE3,"Free Elective 3",3,0,0,0,6,9,E
2024,CE,7,HSE,"3 Humanities Elective",3,0,0,0,6,9,H
2024,CE,7,PE4,"Professional Elective 4",3,0,0,0,6,9,P
2024,CE,7,PE5,"Professional Elective 5",3,0,0,0,6,9,P
2024,CE,7,FE4,"Free Elective 4",3,0,0,0,6,9,E
2024,CE,7,FE5,"Free Elective 5",3,0,0,0,6,9,E
2024,CE,8,HS3050,"Professional Ethics",2,0,0,0,0,2,G
2024,CE,8,PE6,"Professional Elective 6",3,0,0,0,6,9,P
2024,CE,8,PE7,"Professional Elective 7",3,0,0,0,6,12,P
2024,CE,8,FE6,"Free Elective 6",3,0,0,0,6,9,E
2024,CS,1,MA1101,"Functions of Several Variables",3,1,0,0,6,10,S
2024,CS,1,PH1010,"Physics I",3,1,0,0,6,10,S
2024,CS,1,CY1001,"Chemistry 1",3,1,0,0,6,10,SE
2024,CS,1,CS1111,"Problem Solving using Computers",3,0,0,3,6,12,C
2024,CS,1,GN1101,"Life Skills I",0,0,0,4,0,4,G
2024,CS,1,ID1300,"Recreation Course",0,0,0,0,2,2,G
2024,CS,1,ID1200,"Ecology and Environment",2,0,0,0,0,0,E
2024,CS,1,WS1301,"Workshop-I",0,0,0,3,0,3,E
2024,CS,1,NCC,"(NC1010)/NSO (NS1020)/NSO (NS1030)",0,0,0,0,2,2,G
2024,CS,2,MA2101,"Linear Algebra via Matrices",3,0,0,0,6,9,S
2024,CS,2,CS1200,"Discrete Mathematics for Computer Science",3,1,0,0,6,10,E
2024,CS,2,ME1480,"Engineering Drawing",1,0,0,3,3,7,E
2024,CS,2,EE1100,"Basic Electrical Engineering",3,1,0,0,6,10,E
2024,CS,2,CY1002,"Chemistry Lab I",0,0,0,3,0,3,S
2024,CS,2,PH1030,"Physics Laboratory I",0,0,0,3,1,4,S
2024,CS,2,GN1102,"Life Skills 2",0,0,0,2,0,2,G
2024,CS,2,ID1300,"Recreation Course",0,0,0,0,2,2,G
2024,CS,2,NCC,"(NC1010)/NSO (NS1020)/NSO (NS1030)",0,0,0,0,2,2,G
2024,CS,2,WS1302,"Workshop-2",0,0,0,3,0,3,E
2024,CS,3,CS2300,"Foundations of Computer Systems Design",3,0,0,0,6,9,P
2024,CS,3,CS2310,"Foundations of Computer Systems Design Lab",0,0,0,3,1,4,P
2024,CS,3,CS2700,"Programming and Data Structures",3,1,0,0,6,10,P
2024,CS,3,CS2710,"Programming and Data Structures Lab",0,0,0,3,3,6,P
2024,CS,3,CSXXXX,"Introduction to Graph Theory",3,1,5,9,0,0,P
2024,CS,3,HSE1,"Humanities Elective 1",3,0,0,0,6,9,H
2024,CS,3,MSXXXX,"Entrepreneurship",3,0,0,0,6,9,M
2024,CS,4,CS2200,"Languages, Machines, and Computations",3,1,0,0,6,10,P
2024,CS,4,CS2600,"Computer Organization and Architecture",3,1,0,0,6,10,P
2024,CS,4,CS2610,"Computer Organization and Architecture Lab",0,0,0,3,3,6,P
2024,CS,4,CS2800,"Design and Analysis of Algorithms",3,1,0,0,6,10,P
2024,CS,4,CS2810,"Object-Oriented Algorithms Implementation and Analysis Lab",1,0,0,2,3,6,P
2024,CS,4,MA2103,"Probability, Stochastic Process and Statistics",3,0,0,0,6,9,S
2024,CS,4,MA/PH/BT,"Science Elective 1",3,0,0,0,6,9,S
2024,CS,5,CS3100,"Paradigms of Programming",3,0,0,0,6,9,P
2024,CS,5,CS3300,"Compiler Design",3,0,0,6,6,15,P
2024,CS,5,CS3500,"Operating Systems",3,0,0,6,6,15,P
2024,CS,5,PE1,"Professional Elective 1",4,0,0,0,8,12,P
2024,CS,5,GN1002,"POSH Training-II",3,0,0,0,0,0,S
2024,CS,6,PE2,"Professional Elective 2",4,0,0,0,8,12,P
2024,CS,6,PE3,"Professional Elective 3",4,0,0,0,8,12,P
2024,CS,6,FE1,"Free Elective 1",3,0,0,0,6,9,UA
2024,CS,6,FE2,"Free Elective 2",3,0,0,0,6,9,E
2024,CS,6,FE3,"Free Elective 3",3,0,0,0,6,9,E
2024,CS,7,HSE2,"Humanities Elective 2",3,0,0,0,6,9,H
2024,CS,7,ID1200,"Ecology and Environment",2,0,0,0,2,2,S
2024,CS,7,PE4,"Professional Elective 4",4,0,0,0,8,12,P
2024,CS,7,FE4,"Free Elective 4",3,0,0,0,6,9,E
2024,CS,7,FE5,"Free Elective 5",3,0,0,0,6,9,E
2024,CS,8,HS3050,"Professional Ethics",2,0,0,0,0,0,H
2024,CS,8,HSE3,"Humanities Elective 3",3,0,0,0,6,9,H
2024,CS,8,PE5,"Professional Elective 5",4,0,0,0,8,12,P
2024,CS,8,FE6,"Free Elective 6",3,0,0,0,6,9,E
2024,CS,8,FE7,"Free Elective 7",3,0,0,0,6,9,E
2024,AIDA,1,DA1001,"Applied Linear Algebra",3,1,0,0,6,10,S
2024,AIDA,1,DA1000,"Calculus for Engineers",3,0,0,0,6,9,S
2024,AIDA,1,DA1300,"Programming and Data Structures",3,0,0,0,6,9,C
2024,AIDA,1,DA1301,"Programming Lab",0,0,0,3,3,6,C
2024,AIDA,1,GN1101,"Life Skills I",0,0,0,0,4,4,G
2024,AIDA,1,NCC,"(NC1010)/NSO (NS1020)/NSO (NS1030)",0,0,0,0,2,2,G
2024,AIDA,1,ID1200,"Ecology and Environment",2,0,0,0,0,2,G
2024,AIDA,1,DA1200,"Basics of Engineering Principles",3,0,0,0,6,9,E
2024,AIDA,1,ID1300,"Recreation Course",0,0,0,0,2,2,G
2024,AIDA,2,DA1100,"Introduction to Computational Chemistry",2,1,0,0,6,9,S
2024,AIDA,2,DA1004,"Probability & Statistics for Engineers",3,1,0,0,6,10,S
2024,AIDA,2,DA1002,"Optimization for Engineers",3,0,0,0,6,9,E
2024,AIDA,2,DA1302,"Computational Methods for Data Science",3,1,0,0,6,10,P
2024,AIDA,2,DA1003,"Optimization Lab",0,0,0,3,3,6,E
2024,AIDA,2,GN1102,"Life Skills 2",0,0,0,2,0,2,G
2024,AIDA,2,ID1300,"Recreation Course",0,0,0,0,2,2,G
2024,AIDA,2,NCC,"(NC1010)/NSO (NS1020)/NSO (NS1030)",0,0,0,0,2,2,G
2024,AIDA,3,DA2400,"Machine Learning I",3,0,0,0,6,9,P
2024,AIDA,3,DA2101,"Introduction to Computational Physics",2,1,0,0,6,9,S
2024,AIDA,3,DA2102,"Introduction to Computational Biology",2,1,0,0,6,9,S
2024,AIDA,3,DA2402,"Data Curation and Visualization",3,0,0,0,6,9,P
2024,AIDA,3,DA2401,"Machine Learning Lab",0,0,0,3,3,6,P
2024,AIDA,3,MSXXXX,"Entrepreneurship",3,0,0,0,6,9,M
2024,AIDA,4,DA6390,"Algorithms for Data Science",3,0,0,0,6,9,P
2024,AIDA,4,DAXXXX,"Introduction to Computer Systems",2,1,0,0,6,9,P
2024,AIDA,4,DAXXXX,"Artificial Intelligence",3,0,0,0,6,9,P
2024,AIDA,4,DAXXXX/PHXXXX,"Physics Elective",3,0,0,0,6,9,S
2024,AIDA,4,FE1,"Free Elective 1",3,0,0,0,6,9,E
2024,AIDA,4,DAXXXX,"AI Lab",0,0,0,3,3,6,P
2024,AIDA,5,DAXXXX,"Databases",3,0,0,0,6,9,P
2024,AIDA,5,DAXXXX,"Machine Learning II",3,1,0,0,5,9,P
2024,AIDA,5,DAXXXX,"Core Basket-I",3,0,0,0,6,9,P
2024,AIDA,5,DAXXXX,"Deep Learning",3,1,0,0,5,9,P
2024,AIDA,5,PE1,"Professional Elective 1",3,0,0,0,6,9,P
2024,AIDA,5,DAXXXX,"MLOps Lab",0,0,0,3,3,6,P
2024,AIDA,5,DAXXXX,"DL Lab",0,0,0,3,3,6,P
2024,AIDA,5,GN1002,"POSH Training-II",3,0,0,0,0,0,S
2024,AIDA,6,FE1,"Free Elective 1",3,0,0,0,6,9,E
2024,AIDA,6,FE2,"Free Elective 2",3,0,0,0,6,9,E
2024,AIDA,6,FE3,"Free Elective 3",3,0,0,0,6,9,E
2024,AIDA,6,FE4,"Free Elective 4",3,0,0,0,6,9,E
2024,AIDA,6,HSE1,"Humanities Elective 1",3,0,0,0,6,9,H
2024,AIDA,7,HSE2,"Humanities Elective 2",3,0,0,0,6,9,H
2024,AIDA,7,DAXXXX,"Responsible AI",3,0,0,0,6,9,P
2024,AIDA,7,DAXXXX,"Core Basket II",3,0,0,0,6,9,P
2024,AIDA,7,DAXXXX,"Online & Reinforcement Learning",3,1,0,0,5,9,P
2024,AIDA,7,DAXXXX,"Project I",0,0,0,9,0,9,P
2024,AIDA,7,PE2,"Professional Elective 2",3,0,0,0,6,9,P
2024,AIDA,8,HS3050,"Professional Ethics",2,0,0,0,2,2,G
2024,AIDA,8,HSE3,"Humanities Elective 3",3,0,0,0,6,9,H
2024,AIDA,8,DAXXXX,"Project II / Elective",0,0,0,18,0,18,P
2024,AIDA,8,FE5,"Free Elective 5",3,0,0,0,6,9,E
2024,EE,1,MA1101,"Calculus",3,1,0,0,6,10,S
2024,EE,1,PH1010,"Physics I",3,1,0,0,6,10,S
2024,EE,1,EE1102/EE1103,"Introduction to Programming/ Numerical Methods",3,0,0,3,6,12,C
2024,EE,1,ME1100,"Thermodynamics",3,1,0,0,6,10,E
2024,EE,1,PH1030,"Physics Lab I",0,0,0,3,1,4,S
2024,EE,1,WS1301,"Workshop I",0,0,0,3,0,3,E
2024,EE,1,GN1101,"Life Skills I",0,0,0,0,4,4,G
2024,EE,1,ID1300,"Recreation Course",0,0,0,0,2,2,G
2024,EE,1,NCC,"(NC1010)/NSO (NS1020)/NSO(NS1030)",0,0,0,0,2,2,G
2024,EE,2,MA2101,"Linear Algebra via Matrices",3,0,0,0,6,9,S
2024,EE,2,PH1020,"Physics II",3,1,0,0,6,10,S
2024,EE,2,EE2002,"Digital Systems",3,1,0,0,6,10,P
2024,EE,2,EE2702,"Digital Systems Lab",0,0,0,3,2,5,P
2024,EE,2,EE1101,"Signals and Systems",3,1,0,0,6,10,E
2024,EE,2,WS1302,"Workshop II",0,0,0,3,0,3,E
2024,EE,2,GN1102,"Life Skills II",0,0,0,0,2,2,G
2024,EE,2,ID1300,"Recreation Course",0,0,0,0,2,2,G
2024,EE,2,NCC,"(NC1010)/NSO (NS1020)/NSO(NS1030)",0,0,0,0,2,2,G
2024,EE,3,EE2015,"Electric Circuits & Networks",3,1,0,0,6,10,P
2024,EE,3,EE2016,"Microprocessor Theory + Lab",2,0,0,3,6,11,P
2024,EE,3,EE2025,"Engineering Electromagnetics",3,1,0,0,6,10,P
2024,EE,3,EE2703,"Applied Programming Lab",0,0,0,3,2,5,P
2024,EE,3,EE2021,"Materials Science for Electrical Engineers",3,1,0,0,6,10,S
2024,EE,3,MA/EE3110,"Maths elective/Probability Foundations for Electrical Engineers",3,0,0,0,6,9,S
2024,EE,3,ID1200,"Ecology and Environment",0,0,0,0,2,2,G
2024,EE,4,EE2007,"Analog Systems",3,1,0,0,6,10,P
2024,EE,4,EE2707,"Analog Systems Lab",0,0,0,3,2,5,P
2024,EE,4,EE2004,"Digital Signal Processing",3,1,0,0,6,10,P
2024,EE,4,EE2006,"Electrical Machines",3,1,0,0,6,10,P
2024,EE,4,EE2706,"Electrical Machines Lab",0,0,0,3,2,5,P
2024,EE,4,EE3001,"Solid State Devices",3,1,0,0,6,10,P
2024,EE,4,MXXXX,"Entrepreneurship",3,0,0,0,6,9,M
2024,EE,5,EE3004,"Control Engg",3,1,0,0,6,10,P
2024,EE,5,EE3006,"Principles of Measurement & Lab",2,0,0,3,3,8,P
2024,EE,5,EE,"Stream Elective-1",3,1,0,0,6,10,P
2024,EE,5,EE,"Stream Elective-2",3,1,0,0,6,10,P
2024,EE,5,CY,"Chemistry Core",3,1,0,0,6,10,S
2024,EE,5,HSE1,"Humanities Elective 1",3,0,0,0,6,9,H
2024,EE,5,HS3050,"Professional Ethics",2,0,0,0,0,2,G
2024,EE,5,GN1002,"POSH Training-II",3,0,0,0,0,0,S
2024,EE,6,EE,"Stream Elective-3",3,1,0,0,6,10,P
2024,EE,6,EE,"Stream Elective-4",3,1,0,0,6,10,P
2024,EE,6,PE1,"Professional Elective 1",3,0,0,0,6,9,P
2024,EE,6,PE2,"Professional Elective 2",3,0,0,0,6,9,P
2024,EE,6,HSE2,"Humanities Elective 2*",3,0,0,0,6,9,H
2024,EE,7,HSE3,"Humanities Elective 3",3,0,0,0,6,9,H
2024,EE,7,PE3,"Professional Elective 2",3,0,0,0,6,9,P
2024,EE,7,FE1,"Free Elective 1",3,0,0,0,6,9,E
2024,EE,7,FE2,"Free Elective 2",3,0,0,0,6,9,E
2024,EE,8,FE3,"Free Elective 3",3,0,0,0,6,9,E
2024,EE,8,FE4,"Free Elective 4",3,0,0,0,6,9,E
2024,EE,8,FE5,"Free Elective 5",3,0,0,0,6,9,E
2024,EE,8,FE6,"Free Elective 6",3,0,0,0,6,9,E
2024,ME,1,ME1480,"Engineering Drawing",1,0,0,3,3,7,E
2024,ME,1,CY1001,"Chemistry I: Structure, Bonding & Reactivity",3,1,0,0,6,10,S
2024,ME,1,ME1100,"Computing Thermodynamics",2,0,0,3,4,9,C
2024,ME,1,CY1002,"Chemistry Lab I",0,0,0,3,0,3,S
2024,ME,1,GN1101,"Life Skills I",0,0,0,0,4,4,G
2024,ME,1,NCC,"(NC1010)/NSO (NS1020)/NSO(NS1030)",0,0,0,0,2,2,G
2024,ME,1,ID1300,"Recreation Course",0,0,0,0,2,2,G
2024,ME,1,WS1301,"Workshop I",0,0,0,3,0,3,P
2024,ME,2,MA1101,"Calculus",3,1,0,0,6,10,S
2024,ME,2,PH1010,"Physics I",3,1,0,0,6,10,S
2024,ME,2,PH1030,"Physics Laboratory I",0,0,0,3,1,4,S
2024,ME,2,AM1100,"Engineering Mechanics",3,1,0,0,6,10,E
2024,ME,2,HSE1,"Humanities Elective 1",3,0,0,0,6,9,H
2024,ME,2,ID1200,"Ecology and Environment",2,0,0,0,0,2,G
2024,ME,2,GN1102,"Life Skills II",0,0,0,0,2,2,G
2024,ME,2,NCC,"(NC1010)/NSO (NS1020)/NSO(NS1030)",0,0,0,0,3,0,G
2024,ME,2,HS3050,"Professional ethics",0,0,0,0,2,2,G
2024,ME,2,ID1300,"Recreation Course",0,0,0,0,2,2,G
2024,ME,2,WS1302,"Workshop II",0,0,0,3,0,3,P
2024,ME,3,AM2200,"Strength of materials",3,1,0,0,6,10,P
2024,ME,3,AM2530,"Foundations of fluid mechanics",3,1,0,0,6,10,P
2024,ME,3,AM2540,"Applied mechanics/ Fluid mechanics lab",0,0,0,3,0,3,P
2024,ME,3,EE1100,"Basic electrical engineering",3,1,0,0,6,10,E
2024,ME,3,MA2020,"Differential equations",3,0,0,0,6,9,S
2024,ME,3,ME2201,"Kinematics and dynamics of machinery",3,1,0,0,6,10,P
2024,ME,3,MXXXX,"Entrepreneurship",3,0,0,0,6,9,M
2024,ME,4,MA,"Mathematics elective",3,0,0,0,6,9,S
2024,ME,4,ME2102,"Foundations of Thermal Engineering-1",2,1,0,0,4,7,P
2024,ME,4,ME2200,"Materials and design",3,1,0,0,6,10,P
2024,ME,4,ME2302,"Manufacturing Technology-I",3,1,0,1,6,11,P
2024,ME,4,ME2400,"Measurements and instrumentation",3,0,0,2,6,11,P
2024,ME,4,ME3481,"Mechanical engineering lab 1",0,0,0,3,0,3,P
2024,ME,4,BT1010,"Life sciences",3,0,0,0,6,9,S
2024,ME,5,ME3101,"Heat transfer",3,1,0,0,6,10,P
2024,ME,5,ME3105,"Foundations of Thermal Engg-2",2,1,0,0,4,7,P
2024,ME,5,ME3203,"Introduction to Machine Design",2,1,1,0,4,8,P
2024,ME,5,ME3305,"Manufacturing Technology-II",3,1,0,1,6,11,P
2024,ME,5,ME3482,"Mechanical engineering lab 2",0,0,0,3,0,3,P
2024,ME,5,ME3283,"Computer Aided Machine Drawing",1,0,0,2,3,6,P
2024,ME,5,FE1,"Free elective 1",3,0,0,0,6,9,E
2024,ME,5,GN1002,"POSH Training-II",3,0,0,0,0,0,S
2024,ME,6,BT1010,"Life sciences",3,0,0,0,6,9,S
2024,ME,6,ME3302,"Automation in manufacturing",3,1,0,0,6,10,P
2024,ME,6,ME3484,"Mechanical engineering lab 3",0,0,0,3,0,3,P
2024,ME,6,Professional,"elective 1",3,0,0,0,6,9,P
2024,ME,6,HS,"Humanities elective 2",3,0,0,0,6,9,H
2024,ME,6,Free,"elective 2",3,0,0,0,6,9,UA
2024,ME,6,Free,"elective 3",3,0,0,0,6,9,UA
2024,ME,7,Professional,"elective 2",3,0,0,0,6,9,P
2024,ME,7,Professional,"elective 3",3,0,0,0,6,9,P
2024,ME,7,Professional,"or Free elective 4",3,0,0,0,6,9,P
2024,ME,7,Professional,"or Free elective 5",3,0,0,0,6,9,P
2024,ME,7,Professional,"or Free elective 6",3,0,0,0,6,9,P
2024,ME,7,HS,"Humanities elective 3",3,0,0,0,6,9,H
2024,ME,7,HS3050,"Professional ethics",0,0,0,0,2,0,H
2024,ME,8,Professional,"or Free elective 4 or Project",3,0,0,0,6,9,UA
2024,ME,8,Professional,"or Free elective 5 or Project",3,0,0,0,6,9,UA
2024,ME,8,Professional,"or Free elective 6 or Project",3,0,0,0,6,9,UA
2024,ME,8,Free,"elective 7",3,0,0,0,6,9,UA
2024,ME,8,Free,"elective 8",3,0,0,0,6,9,UA
2024,MM,1,MM1004,"Introduction to Mathematical Computing",0,0,0,3,3,6,P
2024,MM,1,MA1101,"Calculus",3,1,0,0,6,10,S
2024,MM,1,CY1050,"Macromolecules in Engineering Materials",3,0,0,0,6,9,S
2024,MM,1,MM1002,"Structure of Materials",3,0,0,0,6,9,P
2024,MM,1,PH1030,"Physics Lab I",0,0,0,3,1,4,S
2024,MM,1,GN1101,"Life Skills I",0,0,0,0,4,4,G
2024,MM,1,ID1200,"Ecology and Environment",2,0,0,0,0,2,G
2024,MM,1,NCC,"(NC1010)/NSO (NS1020)/NSO(NS1030)",0,0,0,0,2,2,G
2024,MM,1,ID1300,"Recreation Course",0,0,0,0,2,2,G
2024,MM,1,WS1301,"Workshop 1",0,0,0,3,0,3,E
2024,MM,2,AM1100,"Engineering Mechanics",3,1,0,0,6,10,E
2024,MM,2,PH1010,"Physics I",3,1,0,0,6,10,S
2024,MM,2,ME1480,"Engineering Drawing",1,0,0,3,3,7,E
2024,MM,2,MM1003,"Thermodynamics of Materials",3,1,0,0,6,10,P
2024,MM,2,MA2101/MA2102,"Linear Algebra via Matrices/Differential Equations",3,0,0,0,6,9,S
2024,MM,2,CY1002,"Chemistry Lab I",0,0,0,3,0,3,S
2024,MM,2,GN1102,"Life Skills II",0,0,0,0,2,2,G
2024,MM,2,NCC,"(NC1010)/NSO (NS1020)/NSO(NS1030)",0,0,0,0,3,0,G
2024,MM,2,ID1300,"Recreation Course",0,0,0,0,2,2,G
2024,MM,2,WS1302,"Workshop-II",0,0,0,3,0,3,E
2024,MM,3,MM2010,"Principles of Physical Metallurgy",3,0,0,0,6,9,P
2024,MM,3,MM2XXX,"Physical and Mechanical Metallurgy Lab",0,0,0,3,3,6,P
2024,MM,3,MM2020,"Deformation and Failure of Materials",3,0,0,0,6,9,P
2024,MM,3,MM2041,"Transport Phenomena in Materials",3,1,0,0,6,10,P
2024,MM,3,HSE1,"Humanities Elective I",3,0,0,0,6,9,H
2024,MM,3,Elective,"under S category",3,0,0,0,6,9,S
2024,MM,3,MXXXX,"Entrepreneurship",3,0,0,0,6,9,M
2024,MM,4,MM2080,"Principles of Extractive Metallurgy",3,0,0,0,6,9,P
2024,MM,4,MM3010,"Physics of Materials",3,0,0,0,6,9,P
2024,MM,4,MM3030,"Materials Characterization",3,0,0,0,6,9,P
2024,MM,4,MM3100,"Materials Characterisation Lab",1,0,0,3,2,5,P
2024,MM,4,HSE2,"Humanities Elective II",3,0,0,0,6,9,H
2024,MM,4,Elective,"under 'S' cateogory",3,0,0,0,6,9,S
2024,MM,5,MM3330,"Non-Metallic Materials",3,0,0,0,6,9,P
2024,MM,5,MM3090,"Environmental Degradation of Materials",3,0,0,0,6,9,P
2024,MM,5,MT4110,"Computational Methods in Materials Engg.",0,0,0,0,0,9,C
2024,MM,5,MM3110,"Computational Materials Engineering Lab",0,0,0,3,2,5,C
2024,MM,5,PE1,"Professional Elective 1",3,0,0,0,6,9,P
2024,MM,5,MM*****,"Electronics and functional materials",3,0,0,0,6,9,P
2024,MM,5,GN1002,"POSH Training-II",3,0,0,0,0,0,S
2024,MM,6,HSE3,"Humanities Elective III",3,0,0,0,6,9,H
2024,MM,6,MM3XXX,"Materials Processing Elective 1 in P category*",3,0,0,0,6,9,P
2024,MM,6,MMXXXX,"Materials processing Elective 2 in P category*",3,0,0,0,6,9,P
2024,MM,6,PE2,"Professional Elective 2",3,0,0,0,6,9,P
2024,MM,7,MMXXXX,"Materials Selection and Design",3,0,0,0,6,9,P
2024,MM,7,MM3XXX,"Material processing and NDE lab",0,0,0,3,2,5,P
2024,MM,7,MM4110,"B.Tech Project Phase I#",0,0,3,0,6,9,P
2024,MM,8,HS3050,"Professional Ethics.",2,0,0,0,0,2,G
2024,MM,8,MM4120,"B.Tech Project Phase II@",0,0,6,0,12,18,P
2024,NA,1,MA1101,"Calculus",3,1,0,0,6,10,S
2024,NA,1,PH1010,"Physics I",3,1,0,0,6,10,S
2024,NA,1,PH1030,"Physics Lab",0,0,0,3,1,4,S
2024,NA,1,ME1100,"Thermodynamics",3,1,0,0,6,10,E
2024,NA,1,OE1101,"Introduction to Naval Architecture & Ocean Engineering",2,0,0,0,4,6,P
2024,NA,1,ID1300,"Recreation",0,0,0,0,3,2,G
2024,NA,1,GN1101,"Life Skills I",0,0,0,0,2,4,G
2024,NA,1,WS1301,"Workshop I",0,0,0,3,0,3,E
2024,NA,1,NCC,"(NC1010)/NSO (NS1020)/NSO(NS1030)",0,0,0,0,2,2,G
2024,NA,2,CS1100*,"Introduction to Programming",3,0,0,3,6,12,C
2024,NA,2,CY1001,"Chemistry I: Structure, Bonding & Reactivity",3,1,0,0,6,10,S
2024,NA,2,CY1002,"Chemistry Lab",0,0,0,3,0,3,S
2024,NA,2,HSE1,"Humanities Elective 1",3,0,0,0,6,9,H
2024,NA,2,OE1012,"Ship Hydrostatics and Stability",3,1,0,0,6,10,P
2024,NA,2,GN1102,"Life Skills II",0,0,0,0,1,2,G
2024,NA,2,ID1200,"Ecology and Environment",2,0,0,0,1,2,G
2024,NA,2,ID1300,"Recreation",0,0,0,0,3,2,G
2024,NA,2,WS1302,"Workshop I",0,0,0,3,0,3,E
2024,NA,2,NCC,"(NC1010)/NSO (NS1020)/NSO(NS1030)",0,0,0,0,3,2,G
2024,NA,3,MA2101,"Linear Algebra via Matrices",3,0,0,0,6,9,S
2024,NA,3,OE2015,"Basic Electrical Circuits And Instruments",3,0,0,1,6,10,P
2024,NA,3,MXXXX,"Management Elective",3,0,0,0,6,9,M
2024,NA,3,OE1011,"Structural mechanics",3,0,0,0,6,9,P
2024,NA,3,OE2013,"Ship Drawing and Calculations",1,3,0,3,3,10,P
2024,NA,3,OE2044,"Ship Hydrodynamics",3,1,0,0,6,10,P
2024,NA,4,MA2102,"Differential Equations",3,0,0,0,6,9,S
2024,NA,4,OE2024,"Analysis of Structures",3,1,0,3,3,10,P
2024,NA,4,OE3035,"Motion of Ships & Floating Systems",3,1,0,0,6,10,P
2024,NA,4,OE2034,"Ship Resistance and Propulsion",3,1,0,1,6,11,P
2024,NA,4,OE2054,"Ocean Wave Hydrodynamics",3,1,0,0,6,10,P
2024,NA,5,BT1010,"LifeSciences",3,0,0,0,6,9,S
2024,NA,5,OE3015,"Ship Structural Analysis",3,1,0,0,6,10,P
2024,NA,5,OE3016,"Ship Design",3,0,0,1,6,10,P
2024,NA,5,OE3017,"Dynamics of marine structures",3,0,0,0,6,9,P
2024,NA,5,OE2014,"Marine Engineering",3,1,0,0,6,10,P
2024,NA,5,OE3190,"Design of Ocean Structures",3,0,0,0,6,9,P
2024,NA,5,GN1002,"POSH Training-II",3,0,0,0,0,0,S
2024,NA,6,FE1,"Free Elective - I",3,0,0,0,6,9,F
2024,NA,6,FE2,"Free Elective - II",3,0,0,0,6,9,F
2024,NA,6,FE3,"Free Elective - III",3,0,0,0,6,9,F
2024,NA,6,FE4,"Free Elective - IV",3,0,0,0,6,9,F
2024,NA,7,OE3046,"Ship Structural Design",3,1,0,0,6,10,P
2024,NA,7,OE3036,"Maneuvering & Control of Marine Vehicles",3,1,0,0,6,10,P
2024,NA,7,FE5,"Free Elective - V",3,0,0,0,6,9,F
2024,NA,7,PE1,"Professional Elective - I",3,0,0,0,6,9,P
2024,NA,7,PE2,"Professional Elective - II/Project",3,0,0,0,6,9,P
2024,NA,8,HS3050,"Professional Ethics",2,0,0,0,0,2,G
2024,NA,8,HSE2,"Humanities Elective - II",3,0,0,0,6,9,H
2024,NA,8,PE3,"Project / Professional Elective - III",3,0,0,0,6,9,P
2024,NA,8,PE4,"Project/Professional Elective - IV",3,0,0,0,6,9,P
2024,NA,8,FE6,"Free Elective - VI",3,0,0,0,6,9,F
2024,NA,8,FE7,"Free Elective - VII",3,0,0,0,6,9,F
2024,EP,1,PH1050,"Foundation of Computational Physics",2,0,0,3,4,9,C
2024,EP,1,MA1101,"Calculus",3,1,0,0,6,10,S
2024,EP,1,PH1010,"Physics I",3,1,0,0,6,10,S
2024,EP,1,PH1030,"Physics Lab",0,0,0,3,1,4,S
2024,EP,1,PH1080,"Thermodynamics & Kinetic Theory",3,1,0,0,6,10,E
2024,EP,1,GN1101,"Life Skills I",0,0,0,0,4,4,G
2024,EP,1,ID1200,"Ecology and Environment",2,0,0,0,0,2,G
2024,EP,1,ID1300,"Recreation",0,0,0,0,2,2,G
2024,EP,1,NCC,"(NC1010)/NSO (NS1020)/NSO(NS1030)",0,0,0,0,2,0,G
2024,EP,1,WS1301,"Workshop I",0,0,0,3,0,3,E
2024,EP,2,CY1001,"Chemistry I: Structure, Bonding & Reactivity",3,1,0,0,6,10,S
2024,EP,2,CY1002,"Chemistry Lab",0,0,0,3,0,3,S
2024,EP,2,EE1101,"Signals & Systems",3,1,0,0,6,10,E
2024,EP,2,EE2002,"Digital Systems",3,1,0,0,6,10,P
2024,EP,2,EE2702,"Digital Systems Lab",0,0,0,3,2,5,P
2024,EP,2,PH1020,"Physics II",3,1,0,0,6,10,S
2024,EP,2,GN1102,"Life Skills II",0,0,0,0,2,2,G
2024,EP,2,NCC,"(NC1010)/NSO (NS1020)/NSO(NS1030)",0,0,0,0,2,2,G
2024,EP,2,ID1300,"Recreation",0,0,0,0,2,2,G
2024,EP,2,WS1302,"Workshop II",0,0,0,3,0,3,E
2024,EP,3,EE2015,"Electric Circuits & Networks",3,0,0,0,6,10,E
2024,EP,3,EP2090,"EP Lab 1",0,0,0,3,1,4,P
2024,EP,3,EP2102,"Classical Dynamics",3,0,0,0,6,9,P
2024,EP,3,EP2110,"Intro Math Phys.",3,1,0,0,6,10,P
2024,EP,3,HS,"H Elec. 1",3,0,0,0,6,9,H
2024,EP,3,MA,"Math. 3-Elective",3,0,0,0,6,9,S
2024,EP,3,MXXXX,"Management Elective",3,0,0,0,6,9,M
2024,EP,4,EE2004,"Digital Signal Processing",3,1,0,0,6,10,P
2024,EP,4,EE2007,"Analog Systems",3,1,0,0,6,10,P
2024,EP,4,EE2707,"Analog Systems Lab",0,0,0,3,2,5,P
2024,EP,4,EP2210,"Quantum Mechanics",3,0,0,0,6,9,P
2024,EP,4,EP3190,"EP Lab 2",0,0,0,3,1,4,P
2024,EP,4,BT1010,"Life Sciences",3,0,0,0,6,9,S
2024,EP,4,EE3001,"Solid State Devices",3,1,0,0,6,10,P
2024,EP,5,EP3110,"Electromagnetics and Applications",3,0,0,0,6,9,P
2024,EP,5,EP3120,"Statistical Physics",3,0,0,0,6,9,P
2024,EP,5,EP3290,"EP Lab 3",0,0,0,6,2,8,P
2024,EP,5,EP3220,"Solid State Physics",3,0,0,0,6,9,P
2024,EP,5,EP/EE,"P. Elec. 1",3,0,0,0,6,9,P
2024,EP,5,HS,"H. Elec. 2",3,0,0,0,6,9,H
2024,EP,5,HS3050,"Professional Ethics",2,0,0,0,0,2,G
2024,EP,5,GN1002,"POSH Training-II",3,0,0,0,0,0,S
2024,EP,6,FE1,"F. Elec 1",3,0,0,0,6,9,F
2024,EP,6,FE2,"F. Elec 2",3,0,0,0,6,9,F
2024,EP,6,EP/EE,"P. Elec. 2",3,0,0,0,6,9,P
2024,EP,6,EP/EE,"P. Elec. 3",3,0,0,0,6,9,P
2024,EP,7,EP/EE,"P. Elec. 4",3,0,0,0,6,9,P
2024,EP,7,EP4140,"Project * or",3,0,0,0,6,9,P
2024,EP,7,EP/EE,"P. Elec. 5",0,0,0,0,9,9,P
2024,EP,7,HS,"H Elec. 3",3,0,0,0,6,9,H
2024,EP,7,FE3,"F Elec. 3",3,0,0,0,6,9,F
2024,EP,7,FE4,"F Elec. 4",3,0,0,0,6,9,F
2024,EP,8,EP4150,"Project * or or",3,0,0,0,18,18,P
2024,EP,8,EP/EE,"P. Elec. 5",3,0,0,0,6,9,P
2024,EP,8,EP/EE,"P. Elec. 6",3,0,0,0,6,9,P
2024,EP,8,FE5,"F Elec. 5",3,0,0,0,6,9,F
2024,EP,8,FE6,"F Elec. 6",3,0,0,0,6,9,F
2025,AE,1,MA1101*,"Calculus",3,1,0,0,6,10,S
2025,AE,1,PH1010,"Physics I",3,1,0,0,6,10,S
2025,AE,1,AM1100,"Engineering Mechanics",3,1,0,0,6,10,E
2025,AE,1,CS1100,"Introduction to Programming",3,0,0,3,6,12,C
2025,AE,1,WS1301,"Workshop-I",0,0,0,3,0,3,E
2025,AE,1,GN1101,"Life Skills 1",0,0,0,0,4,4,G
2025,AE,1,ID1300,"Recreation Course",0,0,0,0,2,2,G
2025,AE,1,GN1001,"Posh Training I",3,0,0,0,0,0,S
2025,AE,2,MA2102,"Differential Equations",3,0,0,0,6,9,S
2025,AE,2,PH1020,"Physics II",3,1,0,0,6,10,S
2025,AE,2,PH1030,"Physics Laboratory I",0,0,0,3,1,4,S
2025,AE,2,AS1300,"Thermodynamics for Aerospace Engineering",3,1,0,0,5,9,E
2025,AE,2,AS1020,"Fluid Mechanics",3,1,0,0,5,9,P
2025,AE,2,AS2101,"Introduction to Aerospace Engineering",1,0,0,2,2,5,P
2025,AE,2,WS1302,"Workshop-II",0,0,0,3,0,3,E
2025,AE,2,GN1102,"Life Skills 2",0,0,0,0,2,2,G
2025,AE,2,ID1300,"Recreation Course",0,0,0,0,2,2,G
2025,AE,2,NCC,"(NC1010)/NSO (NS1020)/ NSS (NS1030)",0,0,0,0,2,2,G
2025,AE,3,MA2104,"Complex Analysis",3,0,0,0,6,9,S
2025,AE,3,EE1100/EE1101,"Basic Electrical Engineering/ Signals and Systems",3,1,0,0,6,10,E
2025,AE,3,AS2050,"Aerodynamics",3,1,0,0,5,9,P
2025,AE,3,AS2030,"Gas Dynamics",3,1,0,0,5,9,P
2025,AE,3,AS2010,"Basic Strength of Materials",3,1,0,0,5,9,P
2025,AE,3,AS2510,"Low Speed Lab",1,0,0,2,2,5,P
2025,AE,3,AS2100,"Basic Aerospace Engineering Lab",1,0,0,2,2,5,P
2025,AE,4,MA2101,"Linear Algebra via Matrices",3,0,0,0,6,9,S
2025,AE,4,AS2040,"Flight Dynamics I",3,1,0,0,5,9,P
2025,AE,4,AS2070,"Aerospace Structural Mechanics",3,1,0,0,5,9,P
2025,AE,4,AS2080,"Vibrations",3,1,0,0,5,9,P
2025,AE,4,AS3270,"Propulsion I",3,1,0,0,5,9,P
2025,AE,4,AS3510,"Aero Lab I",1,0,0,2,1,4,P
2025,AE,4,ME1480,"Engineering Drawing",1,0,0,3,3,7,E
2025,AE,4,HS3050,"Professional Ethics",2,0,0,0,0,2,G
2025,AE,5,CY,"Chemistry",3,1,0,0,6,10,S
2025,AE,5,AS3050,"Flight Dynamics II",3,1,0,0,5,9,P
2025,AE,5,AS3271,"Propulsion II",3,1,0,0,5,9,P
2025,AE,5,AS3020,"Aerospace Structures",3,1,0,0,5,9,P
2025,AE,5,AS3520,"Aero Lab II",1,0,0,2,1,4,P
2025,AE,5,AS2520,"Propulsion Lab",0,0,0,2,0,2,P
2025,AE,5,MS,"Entrepreneurship",3,0,0,0,6,9,M
2025,AE,5,ID1200,"Ecology and Environment",2,0,0,0,0,2,G
2025,AE,5,GN1002,"Posh Training II",3,0,0,0,0,0,S
2025,AE,6,HSE1,"Humanities Elective 1",3,0,0,0,6,9,H
2025,AE,6,UA,"Unallotted Credits",0,0,0,0,0,18,UA
2025,AE,6,ASXXXX,"Design Elective*",2,1,2,3,4,12,P
2025,AE,6,ASXXXX,"Department Elective 1**",3,0,0,0,6,9,P
2025,AE,7,HSE2,"Humanities Elective 2",3,0,0,0,6,9,H
2025,AE,7,UA,"Unallotted Credits",0,0,0,0,0,18,UA
2025,AE,7,ASXXXX,"Department Elective 2**",3,0,0,0,6,9,P
2025,AE,7,ASXXXX,"Department Elective 3**",3,0,0,0,6,9,P
2025,AE,8,HSE3,"Humanities Elective 3",3,0,0,0,6,9,H
2025,AE,8,UA,"Unallotted Credits",0,0,0,0,0,18,UA
2025,AE,8,ASXXXX,"Department Elective 4**",3,0,0,0,6,9,P
2025,AM,1,AM1010,"Introduction to Physiology for Engineers",3,0,0,0,6,9,P
2025,AM,1,MA1101*,"Calculus",3,1,0,0,6,10,S
2025,AM,1,PH1010,"Physics I",3,1,0,0,6,10,S
2025,AM,1,WS1301,"Workshop-I",0,0,0,3,0,3,E
2025,AM,1,GN1101,"Life Skills 1",2,0,0,0,2,4,G
2025,AM,1,ID1300,"Recreation Course",0,0,0,0,2,2,G
2025,AM,1,AM1100,"Engineering Mechanics",3,1,0,0,6,10,P
2025,AM,1,AM1011,"Introductory physiology lab",0,0,0,3,2,5,G
2025,AM,1,NCC,"(NC1010)/NSO (NS1020)/ NSS (NS1030)",0,0,0,0,2,2,G
2025,AM,1,GN1001,"Posh Training I",3,0,0,0,0,0,S
2025,AM,2,EE1100,"Basic Electrical Engineering",3,1,0,0,6,10,E
2025,AM,2,PH1020,"Physics 2",3,0,0,0,6,9,S
2025,AM,2,MA2102,"Differential Equations",3,0,0,0,6,9,S
2025,AM,2,ID1200,"Ecology for environment",2,0,0,0,0,2,G
2025,AM,2,ME1480,"Engineering Drawing",1,0,0,3,3,7,E
2025,AM,2,CY1001,"Chemistry I",3,1,0,0,6,10,S
2025,AM,2,GN1102,"Life Skills II",0,0,0,0,2,2,G
2025,AM,2,ID1300,"Recreation II",0,0,0,0,0,2,G
2025,AM,2,NCC,"(NC1010)/NSO (NS1020)/ NSS (NS1030)",0,0,0,0,2,2,G
2025,AM,3,AM2XXX/EE2XXX,"Signals and Systems",3,1,0,0,6,10,E
2025,AM,3,AM2XXX,"Biomedical Sensors & Measurements",3,0,0,0,6,9,P
2025,AM,3,MA2103,"Probability, Stochastic Processes and Statistics",3,0,0,0,6,9,S
2025,AM,3,AM2XXX,"Fundamentals of Biomaterials",2,1,0,0,6,9,P
2025,AM,3,DA1300,"Programming and Data Structures",3,0,0,0,6,9,C
2025,AM,3,DA1301,"Programming and Data Structures Lab",0,0,0,3,3,6,C
2025,AM,4,HSXXX,"Humanities I",3,0,0,0,0,9,H
2025,AM,4,MA2101,"Linear Algebra & Matrices",3,0,0,0,6,9,S
2025,AM,4,AM2XXX,"Foundations of Digital Signal Processing",3,0,0,0,6,9,P
2025,AM,4,AM2XXX/EE2XXX,"Digital Systems",3,0,0,0,6,9,E
2025,AM,4,AM2XXX,"Biomedical Instrumentation",2,1,0,0,6,9,P
2025,AM,4,AM2XXX,"Biomedical measurements & Instrumentation Laboratory",0,0,0,3,2,5,P
2025,AM,4,MSXXXX,"Intro to Entrepreneurship/ MS Elective",3,0,0,0,6,9,M
2025,AM,5,HSXXXX,"Humanities II",3,0,0,0,6,9,S
2025,AM,5,AM3XXX,"Foundations of Biomedical Imaging",3,0,0,0,6,9,P
2025,AM,5,AM5XXX,"Intro to System integration using Microcontrollers",3,0,0,0,6,9,P
2025,AM,5,AM5010,"Biomechanics",3,0,0,0,6,9,P
2025,AM,5,AM5XXX,"Professional Elective 1",3,0,0,0,6,9,P
2025,AM,5,AM3XXX,"Biomechanics lab",0,0,0,3,2,5,P
2025,AM,5,AM3XXX,"Biomedical Modelling & Simulation lab",0,0,0,3,2,5,P
2025,AM,5,GN1002,"Posh Training II",3,0,0,0,0,0,S
2025,AM,6,HSXXX,"Humanities III",3,0,0,0,6,9,H
2025,AM,6,AM5XXX,"Professional Elective 2",3,0,0,0,6,9,P
2025,AM,6,AM5XXX,"Professional Elective 3",3,0,0,0,6,9,P
2025,AM,6,Free,"Elective",3,0,0,0,6,9,UA
2025,AM,7,AM5XXX,"Professional Elective 4",3,0,0,0,6,9,P
2025,AM,7,AM5XXX,"Professional Elective 5",3,0,0,0,6,9,P
2025,AM,7,AM5XXX,"Professional Elective 6",3,0,0,0,6,9,P
2025,AM,7,AM5XXX,"Professional Elective 7",3,0,0,0,6,9,P
2025,AM,7,Free,"Elective",3,0,0,0,6,9,UA
2025,AM,7,Free,"Elective",3,0,0,0,6,9,UA
2025,AM,8,HS3050,"Professional Ethics",2,0,0,0,0,2,G
2025,AM,8,Free,"Elective",3,0,0,0,6,9,UA
2025,AM,8,Free,"Elective",3,0,0,0,6,9,UA
2025,AM,8,Free,"Elective",3,0,0,0,6,9,UA
2025,AM,8,Free,"Elective",3,0,0,0,6,9,UA
2025,BE,1,BT1000,"Introduction to Biological Sciences & Engineering",3,0,0,0,6,9,P
2025,BE,1,CY1001,"Chemistry I: Structure, Bonding & Reactivity",3,1,0,0,6,10,S
2025,BE,1,MA1101*,"Calculus",3,1,0,0,6,10,S
2025,BE,1,PH1010,"Physics I",3,1,0,0,6,10,S
2025,BE,1,PH1030,"Physics Laboratory I",0,0,0,3,1,4,S
2025,BE,1,WS1301,"Workshop-I",0,0,0,3,0,3,E
2025,BE,1,GN1101,"Life Skills 1",2,0,0,0,2,4,G
2025,BE,1,ID1300,"Recreation Course",0,0,0,0,2,2,G
2025,BE,1,ID1200,"Ecology and Environment",2,0,0,0,0,2,G
2025,BE,1,NCC,"(NC1010)/NSO (NS1020)/ NSS (NS1030)",0,0,0,0,2,2,G
2025,BE,1,GN1001,"Posh Training I",3,0,0,0,0,0,S
2025,BE,2,MAE,"1 Mathematics Elective (from MA basket)",3,0,0,0,6,9,S
2025,BE,2,PHE,"Physics Elective (from PH basket)",3,0,0,0,6,9,S
2025,BE,2,CY1051,"Chemistry II: Introduction to Spectroscopic Methods",3,0,0,0,6,9,S
2025,BE,2,BT1020,"Material and Energy Balances",2,1,0,0,6,9,P
2025,BE,2,CY1002,"Chemistry Lab I",0,0,0,3,0,3,S
2025,BE,2,ME1480,"Engineering Drawing",0,1,0,3,3,7,E
2025,BE,2,WS1302,"Workshop-II",0,0,0,3,0,3,E
2025,BE,2,GN1102,"Life Skills 2",2,0,0,0,0,2,G
2025,BE,2,ID1300,"Recreation Course",0,0,0,0,2,2,G
2025,BE,2,NCC,"(NC1010)/NSO (NS1020)/ NSS (NS1030)",0,0,0,0,2,2,G
2025,BE,3,MAE,"2 Mathematics Elective (from MA basket)",3,0,0,0,6,9,S
2025,BE,3,HSE,"1 Humanities Elective 1",3,0,0,0,6,9,H
2025,BE,3,AM1101,"Engineering Mechanics",3,1,0,0,6,10,E
2025,BE,3,BT2011,"Microbiology and Biochemistry",3,0,0,0,6,9,P
2025,BE,3,BT2020,"Numerical methods for biology",2,1,0,0,6,9,P
2025,BE,3,MS,"Entrepreneurship",3,0,0,0,6,9,M
2025,BE,4,HSE,"2 Humanities Elective 2",3,0,0,0,6,9,H
2025,BE,4,BT2041,"Principles of Bioprocess Engineering",3,0,0,0,6,9,P
2025,BE,4,BT3011,"Molecular Biology and Genetic Engineering",3,0,0,0,6,9,P
2025,BE,4,BT2080,"Programming for Biology",2,0,0,3,6,11,C
2025,BE,4,EE1101,"Signals and Systems",3,1,0,0,6,10,E
2025,BE,4,BT3111,"Biological Engineering Laboratory 1",0,0,0,6,2,8,P
2025,BE,5,BT5031,"Thermodynamics in Biochemical Engineering",3,1,0,0,6,10,P
2025,BE,5,BT5061,"Cellular Engineering",3,0,0,0,6,9,P
2025,BE,5,BT5051,"Transport Phenomena in Biological Systems",3,1,0,0,6,10,P
2025,BE,5,BT3040,"Bioinformatics",2,0,0,3,6,11,P
2025,BE,5,BT3041,"Analysis and Interpretation of Biological Data",2,1,0,0,6,9,P
2025,BE,5,BT3121,"Biological Engineering Laboratory 2",0,0,0,6,2,8,P
2025,BE,5,GN1002,"Posh Training II",3,0,0,0,0,0,S
2025,BE,6,PE1,"Professional Elective 1",3,0,0,0,6,9,P
2025,BE,6,PE2,"Professional Elective 2",3,0,0,0,6,9,P
2025,BE,6,UA,"Unallocated credits",0,0,0,0,0,18,UA
2025,BE,7,HSE,"3 Humanities Elective 3",3,0,0,0,6,9,H
2025,BE,7,BT5011,"Biomaterials Engineering",3,0,0,0,6,9,P
2025,BE,7,BT4111,"Cell, Tissue, and Biomaterials Engineering Lab",0,0,0,6,2,8,P
2025,BE,7,PE3,"Professional Elective 3",3,0,0,0,6,9,P
2025,BE,7,PE4,"Professional Elective 4",3,0,0,0,6,9,P
2025,BE,8,HS3050,"Professional Ethics",2,0,0,0,0,2,G
2025,BE,8,UA,"Unallocated credits",0,0,0,0,0,39,UA
2025,CH,1,MA1101*,"Calculus",3,1,0,0,6,10,S
2025,CH,1,CH1100,"Fundamentals of Thermodynamics",3,1,0,0,6,10,E
2025,CH,1,AM1100,"Engineering Mechanics",3,1,0,0,6,10,E
2025,CH,1,BT1010,"Life Sciences",3,0,0,0,6,9,S
2025,CH,1,PH1030,"Physics Laboratory I",0,0,0,3,1,4,S
2025,CH,1,WS1301,"Workshop-I",0,0,0,3,0,3,E
2025,CH,1,GN1101,"Life Skills 1",0,0,0,0,4,4,G
2025,CH,1,ID1300,"Recreation Course",0,0,0,2,0,2,G
2025,CH,1,NCC,"(NC1010)/NSO (NS1020)/NSO (NS1030)",0,0,0,0,2,2,G
2025,CH,1,GN1001,"Posh Training I",3,0,0,0,0,0,S
2025,CH,2,MA2XXX,"Mathematics (Elective Basket)",3,0,0,0,6,9,S
2025,CH,2,PH1010,"Physics I",3,1,0,0,6,10,S
2025,CH,2,CY1001,"Chemistry I: Structure, Bonding & Reactivity",3,1,0,0,6,10,S
2025,CH,2,CH1020,"Principles & Calculations in Chemical Engineering",3,1,0,0,6,10,P
2025,CH,2,ID1200,"Ecology and Environment",2,0,0,0,0,2,G
2025,CH,2,CY1002,"Chemistry Lab I",0,0,0,3,0,3,S
2025,CH,2,WS1302,"Workshop-II",0,0,0,3,0,3,E
2025,CH,2,GN1102,"Life Skills 2",0,0,0,0,2,2,G
2025,CH,2,ID1300,"Recreation Course",0,0,0,2,0,2,G
2025,CH,2,NCC,"(NC1010)/NSO (NS1020)/NSO (NS1030)",0,0,0,0,2,2,G
2025,CH,3,CH2061,"Computational Techniques",3,1,0,0,6,10,C
2025,CH,3,EE1100,"Basic Electrical Engineering",3,1,0,0,6,10,E
2025,CH,3,CH2010,"Chemical Engineering Thermodynamics",3,1,0,0,6,10,P
2025,CH,3,CH2012,"Continuum Mechanics & Transport Phenomena",3,1,0,0,6,10,P
2025,CH,3,CH2013,"Computational Programming & Process Simulation Lab",1,0,0,2,2,5,C
2025,CH,3,MXXXX,"Management Elective",3,0,0,0,6,9,M
2025,CH,4,CH2014,"Fundamentals of Heat & Mass Transfer",3,1,0,0,6,10,P
2025,CH,4,CH2015,"Fluid and Particle Mechanics",3,1,0,0,6,10,P
2025,CH,4,CH2016,"Thermodynamics Lab",0,0,0,3,2,5,P
2025,CH,4,CY2010,"Kinetics and Catalysis",3,0,0,0,6,9,S
2025,CH,4,PE1,"Professional Elective 1",3,0,0,0,6,9,P
2025,CH,4,HSE/ME,"Humanities Elective/Management Elective",3,0,0,0,6,9,H/M
2025,CH,4,FE1,"Free Elective 1",3,0,0,0,6,9,UA
2025,CH,5,CH3010,"Chemical Reaction Engineering",3,1,0,0,6,10,P
2025,CH,5,CH3030,"Applications of Mass Transfer",3,1,0,0,6,10,P
2025,CH,5,CH3510,"Mom Transfer & MO Lab",0,0,0,3,2,5,P
2025,CH,5,CH3052,"Material Science for Chemical Engineers",3,0,0,0,6,9,P
2025,CH,5,PE2,"Professional Elective 2",3,0,0,0,6,9,P
2025,CH,5,PE3,"Professional Elective 3",3,0,0,0,6,9,P
2025,CH,5,GN1002,"Posh Training II",3,0,0,0,0,0,S
2025,CH,6,CH3521*,"Heat and Mass Transfer Lab 2",1,0,0,3,2,6,P
2025,CH,6,HSE/ME,"Humanities Elective/Management Elective",3,0,0,0,6,9,H/M
2025,CH,6,FE2,"Free Elective 2",3,0,0,0,6,9,UA
2025,CH,6,FE3,"Free Elective 3",3,0,0,0,6,9,UA
2025,CH,6,FE4,"Free Elective 4",3,0,0,0,6,9,UA
2025,CH,6,FE5,"Free Elective 5",3,0,0,0,6,9,UA
2025,CH,7,CH3050,"Process Dynamics and Control",3,1,0,0,6,10,P
2025,CH,7,CH4010,"Process & Product Design",3,1,0,0,6,10,P
2025,CH,7,CH4030,"Process Control Lab",0,0,0,3,2,5,P
2025,CH,7,HSE/ME,"Humanities Elective/Management Elective",3,0,0,0,6,9,H/M
2025,CH,7,FE6,"Free Elective 6",3,0,0,0,6,9,P
2025,CH,8,CH4250,"Process Engineering",3,1,0,0,6,10,P
2025,CH,8,HS3050,"Professional Ethics",2,0,0,0,0,2,H
2025,CH,8,PE4,"Professional Elective 4",3,0,0,0,6,9,P
2025,CH,8,PE5,"Professional Elective 5",3,0,0,0,6,9,P
2025,CH,8,PE6,"Professional Elective 6",3,0,0,0,6,9,P
2025,CE,1,CE1010,"Introduction to Civil Engineering",2,1,1,0,4,8,P
2025,CE,1,CY1001,"Chemistry I: Structure, Bonding & Reactivity",3,1,0,0,6,10,S
2025,CE,1,CY1002,"Chemistry Lab I",0,0,0,3,0,3,S
2025,CE,1,CV1050,"Vector Calculus and Numerical Methods",3,1,2,0,6,12,S
2025,CE,1,CV1030,"Building Drawing and Visualization",1,0,0,3,2,6,E
2025,CE,1,WS1301,"Workshop-I",0,0,0,3,0,3,E
2025,CE,1,GN1101,"Life Skills 1",0,0,0,0,4,4,G
2025,CE,1,ID1300,"Recreation Course",0,0,0,0,2,2,G
2025,CE,1,ID1200,"Ecology and Environment",2,0,0,0,0,2,S
2025,CE,1,NCC,"(NC1010)/NSO (NS1020)/NSO (NS1030)",0,0,0,0,2,2,G
2025,CE,1,GN1001,"Posh Training I",3,0,0,0,0,0,S
2025,CE,2,MA1101*,"Calculus",3,1,0,0,6,10,S
2025,CE,2,PH1010,"Physics I",3,1,0,0,6,10,S
2025,CE,2,PH1030,"Physics Laboratory I",0,0,0,3,1,4,S
2025,CE,2,CV1020,"Solid and Fluid Mechanics",3,1,2,0,6,12,E
2025,CE,2,HSE,"1 Humanities Elective 1",3,0,0,0,6,9,H
2025,CE,2,WS1302,"Workshop-II",0,0,0,3,0,3,E
2025,CE,2,GN1102,"Life Skills 2",0,0,0,0,2,2,G
2025,CE,2,ID1300,"Recreation Course",0,0,0,0,2,2,G
2025,CE,2,NCC,"(NC1010)/NSO (NS1020)/NSO (NS1030)",0,0,0,0,2,2,G
2025,CE,3,CV2050,"Environmental Engineering",3,1,0,2,6,12,P
2025,CE,3,CV2070,"Hydraulics and Water Resources Engineering",3,1,0,2,6,12,P
2025,CE,3,CV2010,"Structural Mechanics and Analysis",3,1,0,2,6,12,P
2025,CE,3,CV2090,"Probability & Statistics for CE",3,1,0,2,6,12,S
2025,CE,3,MA2103,"Probability, Stochastic Processes & Statistics",3,0,0,0,6,9,S
2025,CE,3,CV2030,"Measurement and Sensing",3,1,0,2,6,12,E
2025,CE,4,CV2020,"Construction Engineering",3,1,0,2,6,12,P
2025,CE,4,CV2040,"Geotechnical Engineering",3,1,0,2,6,12,P
2025,CE,4,CV2060,"Transportation Engineering",3,1,0,2,6,12,P
2025,CE,4,CV2080,"Structural Engineering",3,1,0,2,6,12,P
2025,CE,4,MSXXXX,"Entrepreneurship",3,1,0,0,6,9,M
2025,CE,5,CV3010,"Scientific Computing in Civil Engineering",3,1,0,2,6,12,C
2025,CE,5,CEXXXX,"Design of CE Systems*",3,1,0,2,6,12,P
2025,CE,5,CEXXXX,"CE Laboratory & Practice",1,0,0,3,2,6,P
2025,CE,5,Science,"Elective (MA,PH,CY,BT)",3,0,0,0,6,9,S
2025,CE,5,PE1,"Professional Elective I",3,0,0,0,6,9,P
2025,CE,5,FE1,"Free Elective I",3,0,0,0,6,9,E
2025,CE,5,GN1002,"Posh Training II",3,0,0,0,0,0,S
2025,CE,6,HSE,"2 Humanities Elective 2",3,0,0,0,6,9,H
2025,CE,6,PE2,"Professional Elective 2",3,0,0,0,6,9,P
2025,CE,6,PE3,"Professional Elective 3",3,0,0,0,6,9,P
2025,CE,6,FE2,"Free Elective 2",3,0,0,0,6,9,E
2025,CE,6,FE3,"Free Elective 3",3,0,0,0,6,9,E
2025,CE,7,HSE,"3 Humanities Elective",3,0,0,0,6,9,H
2025,CE,7,PE4,"Professional Elective 4",3,0,0,0,6,9,P
2025,CE,7,PE5,"Professional Elective 5",3,0,0,0,6,9,P
2025,CE,7,FE4,"Free Elective 4",3,0,0,0,6,9,E
2025,CE,7,FE5,"Free Elective 5",3,0,0,0,6,9,E
2025,CE,8,HS3050,"Professional Ethics",2,0,0,0,0,2,G
2025,CE,8,PE6,"Professional Elective 6",3,0,0,0,6,9,P
2025,CE,8,PE7,"Professional Elective 7",3,0,0,0,6,12,P
2025,CE,8,FE6,"Free Elective 6",3,0,0,0,6,9,E
2025,CS,1,MA1101*,"Calculus",3,1,0,0,6,10,S
2025,CS,1,PH1010,"Physics I",3,1,0,0,6,10,S
2025,CS,1,CS1200,"Discrete Mathematics for Computer Science",3,1,0,0,6,10,E
2025,CS,1,CS1111,"Problem Solving using Computers",3,0,0,3,6,12,E
2025,CS,1,GN1101,"Life Skills I",0,0,0,4,0,4,G
2025,CS,1,ID1300,"Recreation Course",0,0,0,0,2,2,G
2025,CS,1,ID1200,"Ecology and Environment",2,0,0,0,0,0,E
2025,CS,1,WS1301,"Workshop-I",0,0,0,3,0,3,E
2025,CS,1,NCC,"(NC1010)/NSO (NS1020)/NSO (NS1030)",0,0,0,0,2,2,G
2025,CS,1,GN1001,"Posh Training I",3,0,0,0,0,0,S
2025,CS,2,MA2101,"Linear Algebra via Matrices",3,0,0,0,6,9,S
2025,CS,2,CY1001,"Chemistry I: Structure, Bonding & Reactivity",3,1,0,0,6,10,S
2025,CS,2,CS1112,"Small-Scale Application Development",0,0,0,0,0,12,P
2025,CS,2,CS1202,"Discrete Mathematics for CS II",3,1,0,0,6,10,S
2025,CS,2,GN1102,"Life Skills 2",0,0,0,2,0,2,G
2025,CS,2,ID1300,"Recreation Course",0,0,0,0,2,2,G
2025,CS,2,NCC,"(NC1010)/NSO (NS1020)/NSO (NS1030)",0,0,0,0,2,2,G
2025,CS,2,WS1302,"Workshop-2",0,0,0,3,0,3,E
2025,CS,3,CS2300,"Foundations of Computer Systems Design",3,0,0,0,6,9,P
2025,CS,3,CS2310,"Foundations of Computer Systems Design Lab",0,0,0,3,1,4,P
2025,CS,3,CS2700,"Programming and Data Structures",3,1,0,0,6,10,P
2025,CS,3,CS2710,"Programming and Data Structures Lab",0,0,0,3,3,6,P
2025,CS,3,MA2103,"Probability, Stochastic Process and Statistics",0,0,0,0,0,9,S
2025,CS,3,HSE1,"Humanities Elective 1",3,0,0,0,6,9,H
2025,CS,3,MSXXXX,"Entrepreneurship",3,0,0,0,6,9,M
2025,CS,4,CS2200,"Languages, Machines, and Computations",3,1,0,0,6,10,P
2025,CS,4,CS2600,"Computer Organization and Architecture",3,1,0,0,6,10,P
2025,CS,4,CS2610,"Computer Organization and Architecture Lab",0,0,0,3,3,6,P
2025,CS,4,CS2800,"Design and Analysis of Algorithms",3,1,0,0,6,10,P
2025,CS,4,CS2810,"Object-Oriented Algorithms Implementation and Analysis Lab",1,0,0,2,3,6,P
2025,CS,4,CS3100,"Paradigms of Programming",3,0,0,0,6,9,P
2025,CS,5,CS3300,"Compiler Design",3,0,0,6,6,15,P
2025,CS,5,CS3500,"Operating Systems",3,0,0,6,6,15,P
2025,CS,5,PE1,"Professional Elective 1",4,0,0,0,8,12,P
2025,CS,5,Free,"Elective",0,0,0,0,0,9,UA
2025,CS,5,GN1002,"Posh Training II",3,0,0,0,0,0,S
2025,CS,6,PE2,"Professional Elective 2",4,0,0,0,8,12,P
2025,CS,6,PE3,"Professional Elective 3",4,0,0,0,8,12,P
2025,CS,6,FE1,"Free Elective 1",3,0,0,0,6,9,UA
2025,CS,6,FE2,"Free Elective 2",3,0,0,0,6,9,UA
2025,CS,6,Engineering,"Elective I",3,0,0,0,6,9,E
2025,CS,7,HSE2,"Humanities Elective 2",3,0,0,0,6,9,H
2025,CS,7,ID1200,"Ecology and Environment",2,0,0,0,2,2,S
2025,CS,7,PE4,"Professional Elective 4",4,0,0,0,8,12,P
2025,CS,7,PE5,"Professional Elective 5",4,0,0,0,8,12,P
2025,CS,7,PE6,"Professional Elective 6",4,0,0,0,8,12,P
2025,CS,7,FE4,"Free Elective 4",3,0,0,0,6,9,UA
2025,CS,8,HS3050,"Professional Ethics",2,0,0,0,0,2,H
2025,CS,8,HSE3,"Humanities Elective 3",3,0,0,0,6,9,H
2025,CS,8,FE5,"Free Elective 5",3,0,0,0,6,9,UA
2025,CS,8,FE6,"Free Elective 6",3,0,0,0,6,9,UA
2025,CS,8,Engineering,"Elective II",3,0,0,0,6,9,E
2025,AIDA,1,DA1001,"Applied Linear Algebra",3,1,0,0,6,10,S
2025,AIDA,1,DA1000,"Calculus for Engineers",3,0,0,0,6,9,S
2025,AIDA,1,DA1300,"Programming and Data Structures",3,0,0,0,6,9,C
2025,AIDA,1,DA1301,"Programming Lab",0,0,0,3,3,6,C
2025,AIDA,1,GN1101,"Life Skills I",0,0,0,0,4,4,G
2025,AIDA,1,NCC,"(NC1010)/NSO (NS1020)/NSO (NS1030)",0,0,0,0,2,2,G
2025,AIDA,1,ID1200,"Ecology and Environment",2,0,0,0,0,2,G
2025,AIDA,1,DA1200,"Basics of Engineering Principles",3,0,0,0,6,9,E
2025,AIDA,1,ID1300,"Recreation Course",0,0,0,0,2,2,G
2025,AIDA,1,GN1001,"Posh Training I",3,0,0,0,0,0,S
2025,AIDA,2,DA1100,"Introduction to Computational Chemistry",2,1,0,0,6,9,S
2025,AIDA,2,DA1004,"Probability & Statistics for Engineers",3,1,0,0,6,10,S
2025,AIDA,2,DA1002,"Optimization for Engineers",3,0,0,0,6,9,E
2025,AIDA,2,DA1302,"Computational Methods for Data Science",3,1,0,0,6,10,P
2025,AIDA,2,DA1003,"Optimization Lab",0,0,0,3,3,6,E
2025,AIDA,2,GN1102,"Life Skills 2",0,0,0,2,0,2,G
2025,AIDA,2,ID1300,"Recreation Course",0,0,0,0,2,2,G
2025,AIDA,2,NCC,"(NC1010)/NSO (NS1020)/NSO (NS1030)",0,0,0,0,2,2,G
2025,AIDA,3,DA2400,"Machine Learning I",3,0,0,0,6,9,P
2025,AIDA,3,DA2101,"Introduction to Computational Physics",2,1,0,0,6,9,S
2025,AIDA,3,DA2102,"Introduction to Computational Biology",2,1,0,0,6,9,S
2025,AIDA,3,DA2402,"Data Curation and Visualization",3,0,0,0,6,9,P
2025,AIDA,3,DA2401,"Machine Learning Lab",0,0,0,3,3,6,P
2025,AIDA,3,MSXXXX,"Entrepreneurship",3,0,0,0,6,9,M
2025,AIDA,4,DA6390,"Algorithms for Data Science",3,0,0,0,6,9,P
2025,AIDA,4,DAXXXX,"Introduction to Computer Systems",2,1,0,0,6,9,P
2025,AIDA,4,DAXXXX,"Artificial Intelligence",3,0,0,0,6,9,P
2025,AIDA,4,DAXXXX/PHXXXX,"Physics Elective",3,0,0,0,6,9,S
2025,AIDA,4,FE1,"Free Elective 1",3,0,0,0,6,9,E
2025,AIDA,4,DAXXXX,"AI Lab",0,0,0,3,3,6,P
2025,AIDA,5,DAXXXX,"Databases",3,0,0,0,6,9,P
2025,AIDA,5,DAXXXX,"Machine Learning II",3,1,0,0,5,9,P
2025,AIDA,5,DAXXXX,"Core Basket-I",3,0,0,0,6,9,P
2025,AIDA,5,DAXXXX,"Deep Learning",3,1,0,0,5,9,P
2025,AIDA,5,PE1,"Professional Elective 1",3,0,0,0,6,9,P
2025,AIDA,5,DAXXXX,"MLOps Lab",0,0,0,3,3,6,P
2025,AIDA,5,DAXXXX,"DL Lab",0,0,0,3,3,6,P
2025,AIDA,5,GN1002,"POSH Training-II",3,0,0,0,0,0,S
2025,AIDA,6,FE1,"Free Elective 1",3,0,0,0,6,9,E
2025,AIDA,6,FE2,"Free Elective 2",3,0,0,0,6,9,E
2025,AIDA,6,FE3,"Free Elective 3",3,0,0,0,6,9,E
2025,AIDA,6,FE4,"Free Elective 4",3,0,0,0,6,9,E
2025,AIDA,6,HSE1,"Humanities Elective 1",3,0,0,0,6,9,H
2025,AIDA,7,HSE2,"Humanities Elective 2",3,0,0,0,6,9,H
2025,AIDA,7,DAXXXX,"Responsible AI",3,0,0,0,6,9,P
2025,AIDA,7,DAXXXX,"Core Basket II",3,0,0,0,6,9,P
2025,AIDA,7,DAXXXX,"Online & Reinforcement Learning",3,1,0,0,5,9,P
2025,AIDA,7,DAXXXX,"Project I",0,0,0,9,0,9,P
2025,AIDA,7,PE2,"Professional Elective 2",3,0,0,0,6,9,P
2025,AIDA,8,HS3050,"Professional Ethics",2,0,0,0,2,2,G
2025,AIDA,8,HSE3,"Humanities Elective 3",3,0,0,0,6,9,H
2025,AIDA,8,DAXXXX,"Project II / Elective",0,0,0,18,0,18,P
2025,AIDA,8,FE5,"Free Elective 5",3,0,0,0,6,9,E
2025,EE,1,MA1101*,"Calculus",3,1,0,0,6,10,S
2025,EE,1,PH1010,"Physics I",3,1,0,0,6,10,S
2025,EE,1,EE1102/EE1103,"Introduction to Programming / Numerical Methods",3,0,0,3,6,12,C
2025,EE,1,ME1100,"Thermodynamics",3,1,0,0,6,10,E
2025,EE,1,PH1030,"Physics Lab I",0,0,0,3,1,4,S
2025,EE,1,WS1301,"Workshop I",0,0,0,3,0,3,E
2025,EE,1,GN1101,"Life Skills I",0,0,0,0,4,4,G
2025,EE,1,ID1300,"Recreation Course",0,0,0,0,2,2,G
2025,EE,1,NCC,"(NC1010)/NSO (NS1020)/NSO(NS1030)",0,0,0,0,2,2,G
2025,EE,1,GN1001,"Posh Training I",3,0,0,0,0,0,S
2025,EE,2,MA2101,"Linear Algebra via Matrices",3,0,0,0,6,9,S
2025,EE,2,PH1020,"Physics II",3,1,0,0,6,10,S
2025,EE,2,EE2002,"Digital Systems",3,1,0,0,6,10,P
2025,EE,2,EE2702,"Digital Systems Lab",0,0,0,3,2,5,P
2025,EE,2,EE1101,"Signals and Systems",3,1,0,0,6,10,E
2025,EE,2,WS1302,"Workshop II",0,0,0,3,0,3,E
2025,EE,2,GN1102,"Life Skills II",0,0,0,0,2,2,G
2025,EE,2,ID1300,"Recreation Course",0,0,0,0,2,2,G
2025,EE,2,NCC,"(NC1010)/NSO (NS1020)/NSO(NS1030)",0,0,0,0,2,2,G
2025,EE,3,EE2015,"Electric Circuits & Networks",3,1,0,0,6,10,P
2025,EE,3,EE2016,"Microprocessor Theory + Lab",2,0,0,3,6,11,P
2025,EE,3,EE2025,"Engineering Electromagnetics",3,1,0,0,6,10,P
2025,EE,3,EE2703,"Applied Programming Lab",0,0,0,3,2,5,P
2025,EE,3,EE2021,"Materials Science for Electrical Engineers",3,1,0,0,6,10,S
2025,EE,3,MA/EE3110,"Maths elective/Probability Foundations for Electrical Engineers",3,0,0,0,6,9,S
2025,EE,3,ID1200,"Ecology and Environment",0,0,0,0,2,2,G
2025,EE,4,EE2007,"Analog Systems",3,1,0,0,6,10,P
2025,EE,4,EE2707,"Analog Systems Lab",0,0,0,3,2,5,P
2025,EE,4,EE2004,"Digital Signal Processing",3,1,0,0,6,10,P
2025,EE,4,EE2006,"Electrical Machines",3,1,0,0,6,10,P
2025,EE,4,EE2706,"Electrical Machines Lab",0,0,0,3,2,5,P
2025,EE,4,EE3001,"Solid State Devices",3,1,0,0,6,10,P
2025,EE,4,MXXXX,"Entrepreneurship",3,0,0,0,6,9,M
2025,EE,5,EE3004,"Control Engg",3,1,0,0,6,10,P
2025,EE,5,EE3006,"Principles of Measurement & Lab",2,0,0,3,3,8,P
2025,EE,5,EE,"Stream Elective-1",3,1,0,0,6,10,P
2025,EE,5,EE,"Stream Elective-2",3,1,0,0,6,10,P
2025,EE,5,CY,"Chemistry Core",3,1,0,0,6,10,S
2025,EE,5,HSE1,"Humanities Elective 1",3,0,0,0,6,9,H
2025,EE,5,HS3050,"Professional Ethics",2,0,0,0,0,2,G
2025,EE,5,GN1002,"POSH Training-II",3,0,0,0,0,0,S
2025,EE,6,EE,"Stream Elective-3",3,1,0,0,6,10,P
2025,EE,6,EE,"Stream Elective-4",3,1,0,0,6,10,P
2025,EE,6,PE1,"Professional Elective 1",3,0,0,0,6,9,P
2025,EE,6,PE2,"Professional Elective 2",3,0,0,0,6,9,P
2025,EE,6,HSE2,"Humanities Elective 2*",3,0,0,0,6,9,H
2025,EE,7,HSE3,"Humanities Elective 3",3,0,0,0,6,9,H
2025,EE,7,PE3,"Professional Elective 2",3,0,0,0,6,9,P
2025,EE,7,FE1,"Free Elective 1",3,0,0,0,6,9,E
2025,EE,7,FE2,"Free Elective 2",3,0,0,0,6,9,E
2025,EE,8,FE3,"Free Elective 3",3,0,0,0,6,9,E
2025,EE,8,FE4,"Free Elective 4",3,0,0,0,6,9,E
2025,EE,8,FE5,"Free Elective 5",3,0,0,0,6,9,E
2025,EE,8,FE6,"Free Elective 6",3,0,0,0,6,9,E
2025,ME,1,ME1480,"Engineering Drawing",1,0,0,3,3,7,E
2025,ME,1,CY1001,"Chemistry I: Structure, Bonding & Reactivity",3,1,0,0,6,10,S
2025,ME,1,ME1401,"Introduction to Computing for Mechanical Engineers",2,0,2,0,8,12,C
2025,ME,1,ME1100,"Thermodynamics",3,1,0,0,6,10,P
2025,ME,1,CY1002,"Chemistry Lab I",0,0,0,3,0,3,S
2025,ME,1,GN1101,"Life Skills 1",0,0,0,0,4,4,G
2025,ME,1,NCC,"(NC1010)/NSO (NS1020)/NSO(NS1030)",0,0,0,0,2,2,G
2025,ME,1,ID1300,"Recreation Course",0,0,0,0,2,2,G
2025,ME,1,WS1301,"Workshop I",0,0,0,3,0,3,P
2025,ME,1,GN1001,"Posh Training I",3,0,0,0,0,0,S
2025,ME,2,MA1101*,"Calculus",3,1,0,0,6,10,S
2025,ME,2,PH1010,"Physics I",3,1,0,0,6,10,S
2025,ME,2,PH1030,"Physics Laboratory I",0,0,0,3,1,4,S
2025,ME,2,AM1100,"Engineering Mechanics",3,1,0,0,6,10,E
2025,ME,2,HSE1,"Humanities Elective 1",3,0,0,0,6,9,H
2025,ME,2,ID1200,"Ecology and Environment",2,0,0,0,0,2,G
2025,ME,2,GN1102,"Life Skills II",0,0,0,0,2,2,G
2025,ME,2,NCC,"(NC1010)/NSO (NS1020)/NSO(NS1030)",0,0,0,0,3,0,G
2025,ME,2,HS3050,"Professional ethics",0,0,0,0,2,2,G
2025,ME,2,ID1300,"Recreation Course",0,0,0,0,2,2,G
2025,ME,2,WS1302,"Workshop II",0,0,0,3,0,3,P
2025,ME,3,AM2200,"Strength of materials",3,1,0,0,6,10,P
2025,ME,3,AM2530,"Foundations of fluid mechanics",3,1,0,0,6,10,P
2025,ME,3,AM2540,"Applied mechanics/ Fluid mechanics lab",0,0,0,3,0,3,P
2025,ME,3,EE1100,"Basic electrical engineering",3,1,0,0,6,10,E
2025,ME,3,MA2020,"Differential equations",3,0,0,0,6,9,S
2025,ME,3,ME2201,"Kinematics and dynamics of machinery",3,1,0,0,6,10,P
2025,ME,3,MXXXX,"Entrepreneurship",3,0,0,0,6,9,M
2025,ME,4,MA,"Mathematics elective",3,0,0,0,6,9,S
2025,ME,4,ME2102,"Foundations of Thermal Engineering-1",2,1,0,0,4,7,P
2025,ME,4,ME2200,"Materials and design",3,1,0,0,6,10,P
2025,ME,4,ME2302,"Manufacturing Technology-I",3,1,0,1,6,11,P
2025,ME,4,ME2400,"Measurements and instrumentation",3,0,0,2,6,11,P
2025,ME,4,ME3481,"Mechanical engineering lab 1",0,0,0,3,0,3,P
2025,ME,4,BT1010,"Life sciences",3,0,0,0,6,9,S
2025,ME,5,ME3101,"Heat transfer",3,1,0,0,6,10,P
2025,ME,5,ME3105,"Foundations of Thermal Engg-2",2,1,0,0,4,7,P
2025,ME,5,ME3203,"Introduction to Machine Design",2,1,1,0,4,8,P
2025,ME,5,ME3305,"Manufacturing Technology-II",3,1,0,1,6,11,P
2025,ME,5,ME3482,"Mechanical engineering lab 2",0,0,0,3,0,3,P
2025,ME,5,ME3283,"Computer Aided Machine Drawing",1,0,0,2,3,6,P
2025,ME,5,FE1,"Free elective 1",3,0,0,0,6,9,E
2025,ME,5,GN1002,"POSH Training-II",3,0,0,0,0,0,S
2025,ME,6,HS,"Humanities Elective 2",3,0,0,0,6,9,H
2025,ME,6,ME,"Professional Elective 1",3,0,0,0,6,9,P
2025,ME,6,ME,"Professional Elective 2",3,0,0,0,6,9,P
2025,ME,6,Free,"elective 2",3,0,0,0,6,9,UA
2025,ME,6,Free,"elective 3",3,0,0,0,6,9,UA
2025,ME,7,Professional,"elective 3/ Free elective 4",3,0,0,0,6,9,UA
2025,ME,7,Professional,"elective 4/ Free elective 5",3,0,0,0,6,9,UA
2025,ME,7,Professional,"elective 5/ Free elective 6",3,0,0,0,6,9,UA
2025,ME,7,HS,"Humanities elective 3",3,0,0,0,6,9,H
2025,ME,8,Professional,"elective 6/ Free elective 5",3,0,0,0,6,9,UA
2025,ME,8,Professional,"elective 7/ Free elective 6",3,0,0,0,6,9,UA
2025,ME,8,Professional,"elective 8/ Free elective 7",3,0,0,0,6,9,UA
2025,ME,8,Professional,"elective 9",3,0,0,0,6,9,P
2025,MM,1,MM1004,"Introduction to Mathematical Computing",0,0,0,3,3,6,P
2025,MM,1,MA1101*,"Calculus",3,1,0,0,6,10,S
2025,MM,1,CY1050,"Macromolecules in Engineering Materials",3,0,0,0,6,9,S
2025,MM,1,MM1002,"Structure of Materials",3,0,0,0,6,9,P
2025,MM,1,PH1030,"Physics Lab I",0,0,0,3,1,4,S
2025,MM,1,GN1101,"Life Skills I",0,0,0,0,4,4,G
2025,MM,1,ID1200,"Ecology and Environment",2,0,0,0,0,2,G
2025,MM,1,NCC,"(NC1010)/NSO (NS1020)/NSO(NS1030)",0,0,0,0,2,2,G
2025,MM,1,ID1300,"Recreation Course",0,0,0,0,2,2,G
2025,MM,1,WS1301,"Workshop 1",0,0,0,3,0,3,E
2025,MM,1,GN1001,"Posh Training I",3,0,0,0,0,0,S
2025,MM,2,AM1100,"Engineering Mechanics",3,1,0,0,6,10,E
2025,MM,2,PH1010,"Physics I",3,1,0,0,6,10,S
2025,MM,2,ME1480,"Engineering Drawing",1,0,0,3,3,7,E
2025,MM,2,MM1003,"Thermodynamics of Materials",3,1,0,0,6,10,P
2025,MM,2,MA2101/MA2102,"Linear Algebra via Matrices/Differential Equations",3,0,0,0,6,9,S
2025,MM,2,CY1002,"Chemistry Lab I",0,0,0,3,0,3,S
2025,MM,2,GN1102,"Life Skills II",0,0,0,0,2,2,G
2025,MM,2,NCC,"(NC1010)/NSO (NS1020)/NSO(NS1030)",0,0,0,0,3,0,G
2025,MM,2,ID1300,"Recreation Course",0,0,0,0,2,2,G
2025,MM,2,WS1302,"Workshop-II",0,0,0,3,0,3,E
2025,MM,3,MM2010,"Principles of Physical Metallurgy",3,0,0,0,6,9,P
2025,MM,3,MM2XXX,"Physical and Mechanical Metallurgy Lab",0,0,0,3,3,6,P
2025,MM,3,MM2020,"Deformation and Failure of Materials",3,0,0,0,6,9,P
2025,MM,3,MM2041,"Transport Phenomena in Materials",3,1,0,0,6,10,P
2025,MM,3,HSE1,"Humanities Elective I",3,0,0,0,6,9,H
2025,MM,3,Elective,"under S category",3,0,0,0,6,9,S
2025,MM,3,MXXXX,"Entrepreneurship",3,0,0,0,6,9,M
2025,MM,4,MM2080,"Principles of Extractive Metallurgy",3,0,0,0,6,9,P
2025,MM,4,MM3010,"Physics of Materials",3,0,0,0,6,9,P
2025,MM,4,MM3030,"Materials Characterization",3,0,0,0,6,9,P
2025,MM,4,MM3100,"Materials Characterisation Lab",1,0,0,3,2,5,P
2025,MM,4,HSE2,"Humanities Elective II",3,0,0,0,6,9,H
2025,MM,4,Elective,"under ‘S’ cateogory",3,0,0,0,6,9,S
2025,MM,5,MM3330,"Non-Metallic Materials",3,0,0,0,6,9,P
2025,MM,5,MM3090,"Environmental Degradation of Materials",3,0,0,0,6,9,P
2025,MM,5,MT4110,"Computational Methods in Materials Engg.",0,0,0,0,0,9,C
2025,MM,5,MM3110,"Computational Materials Engineering Lab",0,0,0,3,2,5,C
2025,MM,5,PE1,"Professional Elective 1",3,0,0,0,6,9,P
2025,MM,5,MM*****,"Electronics and functional materials",3,0,0,0,6,9,P
2025,MM,5,GN1002,"POSH Training-II",3,0,0,0,0,0,S
2025,MM,6,HSE3,"Humanities Elective III",3,0,0,0,6,9,H
2025,MM,6,MM3XXX,"Materials Processing Elective 1 in P category*",3,0,0,0,6,9,P
2025,MM,6,MMXXXX,"Materials processing Elective 2 in P category*",3,0,0,0,6,9,P
2025,MM,6,PE2,"Professional Elective 2",3,0,0,0,6,9,P
2025,MM,7,MMXXXX,"Materials Selection and Design",3,0,0,0,6,9,P
2025,MM,7,MM3XXX,"Material processing and NDE lab",0,0,0,3,2,5,P
2025,MM,7,MM4110,"B.Tech Project Phase I#",0,0,3,0,6,9,P
2025,MM,8,HS3050,"Professional Ethics",2,0,0,0,0,2,G
2025,MM,8,MM4120,"B.Tech Project Phase II@",0,0,6,0,12,18,P
2025,NA,1,MA1101*,"Calculus",3,1,0,0,6,10,S
2025,NA,1,PH1010,"Physics I",3,1,0,0,6,10,S
2025,NA,1,PH1030,"Physics Lab",0,0,0,3,1,4,S
2025,NA,1,ME1100,"Thermodynamics",3,1,0,0,6,10,E
2025,NA,1,OE1101,"Introduction to Naval Architecture & Ocean Engineering",2,0,0,0,4,6,P
2025,NA,1,ID1300,"Recreation",0,0,0,0,3,2,G
2025,NA,1,GN1101,"Life Skills I",0,0,0,0,2,4,G
2025,NA,1,WS1301,"Workshop I",0,0,0,3,0,3,E
2025,NA,1,NCC,"(NC1010)/NSO (NS1020)/NSO(NS1030)",0,0,0,0,2,2,G
2025,NA,1,GN1001,"Posh Training I",3,0,0,0,0,0,S
2025,NA,2,CS1100*,"Introduction to Programming",3,0,0,3,6,12,C
2025,NA,2,CY1001,"Chemistry I: Structure, Bonding & Reactivity",3,1,0,0,6,10,S
2025,NA,2,CY1002,"Chemistry Lab",0,0,0,3,0,3,S
2025,NA,2,HSE1,"Humanities Elective 1",3,0,0,0,6,9,H
2025,NA,2,OE1012,"Ship Hydrostatics and Stability",3,1,0,0,6,10,P
2025,NA,2,GN1102,"Life Skills II",0,0,0,0,1,2,G
2025,NA,2,ID1200,"Ecology and Environment",2,0,0,0,1,2,G
2025,NA,2,ID1300,"Recreation",0,0,0,0,3,2,G
2025,NA,2,WS1302,"Workshop I",0,0,0,3,0,3,E
2025,NA,2,NCC,"(NC1010)/NSO (NS1020)/NSO(NS1030)",0,0,0,0,3,2,G
2025,NA,3,MA2101,"Linear Algebra via Matrices",3,0,0,0,6,9,S
2025,NA,3,OE2015,"Basic Electrical Circuits And Instruments",3,0,0,1,6,10,P
2025,NA,3,MXXXX,"Management Elective",3,0,0,0,6,9,M
2025,NA,3,OE1011,"Structural mechanics",3,0,0,0,6,9,P
2025,NA,3,OE2013,"Ship Drawing and Calculations",1,3,0,3,3,10,P
2025,NA,3,OE2044,"Ship Hydrodynamics",3,1,0,0,6,10,P
2025,NA,4,MA2102,"Differential Equations",3,0,0,0,6,9,S
2025,NA,4,OE2025,"Analysis of Structures",3,1,0,3,3,10,P
2025,NA,4,OE3035,"Motion of Ships & Floating Systems",3,1,0,0,6,10,P
2025,NA,4,OE2034,"Ship Resistance and Propulsion",3,1,0,1,6,11,P
2025,NA,4,OE2054,"Ocean Wave Hydrodynamics",3,1,0,0,6,10,P
2025,NA,5,BT1010,"Life Sciences",3,0,0,0,6,9,S
2025,NA,5,OE3015,"Ship Structural Analysis",3,1,0,0,6,10,P
2025,NA,5,OE3016,"Ship Design",3,0,0,1,6,10,P
2025,NA,5,OE3017,"Dynamics of marine structures",3,0,0,0,6,9,P
2025,NA,5,OE2014,"Marine Engineering",3,1,0,0,6,10,P
2025,NA,5,OE3190,"Design of Ocean Structures",3,0,0,0,6,9,P
2025,NA,5,GN1002,"POSH Training-II",3,0,0,0,0,0,S
2025,NA,6,FE1,"Free Elective – I",3,0,0,0,6,9,F
2025,NA,6,FE2,"Free Elective – II",3,0,0,0,6,9,F
2025,NA,6,FE3,"Free Elective – III",3,0,0,0,6,9,F
2025,NA,6,FE4,"Free Elective – IV",3,0,0,0,6,9,F
2025,NA,7,OE3046,"Ship Structural Design",3,1,0,0,6,10,P
2025,NA,7,OE3036,"Maneuvering & Control of Marine Vehicles",3,1,0,0,6,10,P
2025,NA,7,FE5,"Free Elective – V",3,0,0,0,6,9,F
2025,NA,7,PE1,"Professional Elective - I",3,0,0,0,6,9,P
2025,NA,7,PE2,"Professional Elective – II/Project",3,0,0,0,6,9,P
2025,NA,8,HS3050,"Professional Ethics",2,0,0,0,0,2,G
2025,NA,8,HSE2,"Humanities Elective – II",3,0,0,0,6,9,H
2025,NA,8,PE3,"Project / Professional Elective – III",3,0,0,0,6,9,P
2025,NA,8,PE4,"Project / Professional Elective – IV",3,0,0,0,6,9,P
2025,NA,8,FE6,"Free Elective – VI",3,0,0,0,6,9,F
2025,NA,8,FE7,"Free Elective – VII",3,0,0,0,6,9,F
2025,EP,1,PH1050,"Foundation of Computational Physics",2,0,0,3,4,9,C
2025,EP,1,MA1101*,"Calculus",3,1,0,0,6,10,S
2025,EP,1,PH1010,"Physics I",3,1,0,0,6,10,S
2025,EP,1,PH1030,"Physics Lab",0,0,0,3,1,4,S
2025,EP,1,PH1080,"Thermodynamics & Kinetic Theory",3,1,0,0,6,10,E
2025,EP,1,GN1101,"Life Skills I",0,0,0,0,4,4,G
2025,EP,1,ID1200,"Ecology and Environment",2,0,0,0,0,2,G
2025,EP,1,ID1300,"Recreation",0,0,0,0,2,2,G
2025,EP,1,NCC,"(NC1010)/NSO (NS1020)/NSO(NS1030)",0,0,0,0,2,0,G
2025,EP,1,WS1301,"Workshop I",0,0,0,3,0,3,E
2025,EP,1,GN1001,"Posh Training I",3,0,0,0,0,0,S
2025,EP,2,CY1001,"Chemistry I: Structure, Bonding & Reactivity",3,1,0,0,6,10,S
2025,EP,2,CY1002,"Chemistry Lab",0,0,0,3,0,3,S
2025,EP,2,EE1101,"Signals & Systems",3,1,0,0,6,10,E
2025,EP,2,EE2002,"Digital Systems",3,1,0,0,6,10,P
2025,EP,2,EE2702,"Digital Systems Lab",0,0,0,3,2,5,P
2025,EP,2,PH1020,"Physics II",3,1,0,0,6,10,S
2025,EP,2,GN1102,"Life Skills II",0,0,0,0,2,2,G
2025,EP,2,NCC,"(NC1010)/NSO (NS1020)/NSO(NS1030)",0,0,0,0,2,2,G
2025,EP,2,ID1300,"Recreation",0,0,0,0,2,2,G
2025,EP,2,WS1302,"Workshop II",0,0,0,3,0,3,E
2025,EP,3,EE2015,"Electric Circuits & Networks",3,0,0,0,6,10,E
2025,EP,3,EP2090,"EP Lab 1",0,0,0,3,1,4,P
2025,EP,3,EP2102,"Classical Dynamics",3,0,0,0,6,9,P
2025,EP,3,EP2110,"Intro Math Phys.",3,1,0,0,6,10,P
2025,EP,3,HS,"H Elec. 1",3,0,0,0,6,9,H
2025,EP,3,MA,"Math. 3-Elective",3,0,0,0,6,9,S
2025,EP,3,MXXXX,"Management Elective",3,0,0,0,6,9,M
2025,EP,4,EE2004,"Digital Signal Processing",3,1,0,0,6,10,P
2025,EP,4,EE2007,"Analog Systems",3,1,0,0,6,10,P
2025,EP,4,EE2707,"Analog Systems Lab",0,0,0,3,2,5,P
2025,EP,4,EP2210,"Quantum Mechanics",3,0,0,0,6,9,P
2025,EP,4,EP3190,"EP Lab 2",0,0,0,3,1,4,P
2025,EP,4,BT1010,"Life Sciences",3,0,0,0,6,9,S
2025,EP,4,EE3001,"Solid State Devices",3,1,0,0,6,10,P
2025,EP,5,EP3110,"Electromagnetics and Applications",3,0,0,0,6,9,P
2025,EP,5,EP3120,"Statistical Physics",3,0,0,0,6,9,P
2025,EP,5,EP3290,"EP Lab 3",0,0,0,6,2,8,P
2025,EP,5,EP3220,"Solid State Physics",3,0,0,0,6,9,P
2025,EP,5,EP/EE,"P. Elec. 1",3,0,0,0,6,9,P
2025,EP,5,HS,"H. Elec. 2",3,0,0,0,6,9,H
2025,EP,5,HS3050,"Professional Ethics",2,0,0,0,0,2,G
2025,EP,5,GN1002,"POSH Training-II",3,0,0,0,0,0,S
2025,EP,6,FE1,"F. Elec 1",3,0,0,0,6,9,F
2025,EP,6,FE2,"F. Elec 2",3,0,0,0,6,9,F
2025,EP,6,EP/EE,"P. Elec. 2",3,0,0,0,6,9,P
2025,EP,6,EP/EE,"P. Elec. 3",3,0,0,0,6,9,P
2025,EP,7,EP/EE,"P. Elec. 4",3,0,0,0,6,9,P
2025,EP,7,EP4140,"or Project * or",3,0,0,0,6,9,P
2025,EP,7,EP/EE,"P. Elec. 5",0,0,0,0,9,9,P
2025,EP,7,HS,"H Elec. 3",3,0,0,0,6,9,H
2025,EP,7,FE3,"F Elec. 3",3,0,0,0,6,9,F
2025,EP,7,FE4,"F Elec. 4",3,0,0,0,6,9,F
2025,EP,8,EP4150,"or Project * or",3,0,0,18,0,18,P
2025,EP,8,EP/EE,"P. Elec. 5",3,0,0,0,6,9,P
2025,EP,8,EP/EE,"P. Elec. 6",3,0,0,0,6,9,P
2025,EP,8,FE5,"F Elec. 5",3,0,0,0,6,9,F
2025,EP,8,FE6,"F Elec. 6",3,0,0,0,6,9,F